t,policy,task_difficulty,chosen_agent,match_score,load,latency_ms,call_cost,success,is_shock,rolling_success,reward_used_for_update
0,random,simple,D,0.85,0.3,428.54059329461086,0.22,1,0,1.0,0.0
1,random,hard,C,0.75,0.3,491.2825189597599,0.35,1,0,1.0,0.0
2,random,simple,B,0.95,0.3,402.48124158162943,0.1,1,0,1.0,0.0
3,random,simple,A,0.8,0.3,999.7751301556445,1.0,1,0,1.0,0.0
4,random,simple,B,0.95,0.53232,437.7529525793967,0.1,1,0,1.0,0.0
5,random,simple,D,0.85,0.45831957504,471.72489861275244,0.22,1,0,1.0,0.0
6,random,simple,B,0.95,0.712228608,462.2857062485029,0.1,1,0,1.0,0.0
7,random,hard,C,0.75,0.43932122603519996,627.809638471918,0.35,1,0,1.0,0.0
8,random,simple,D,0.85,0.6123319574416588,569.6407224989342,0.22,1,0,1.0,0.0
9,random,hard,A,0.95,0.43932122603519996,1159.611919717696,1.0,0,0,0.9,0.0
10,random,simple,A,0.8,0.686602678910976,1513.3101254644432,1.0,1,0,0.9090909090909091,0.0
11,random,simple,A,0.8,0.9042103574416589,1643.3306577042563,1.0,0,0,0.8333333333333334,0.0
12,random,hard,A,0.95,1.0,1692.2356834945629,1.0,0,0,0.7692307692307693,0.0
13,random,hard,A,0.95,1.0,1849.0125096227746,1.0,1,0,0.7857142857142857,0.0
14,random,simple,D,0.85,0.5843694635043527,530.1036121611,0.22,1,0,0.8,0.0
15,random,simple,D,0.85,0.8142451278838303,667.6504904434889,0.22,1,0,0.8125,0.0
16,random,simple,A,0.8,0.9814719999999999,1740.6369463325693,1.0,1,0,0.8235294117647058,0.0
17,random,simple,A,0.8,1.0,1951.175894619887,1.0,1,0,0.8333333333333334,0.0
18,random,simple,A,0.8,1.0,1769.2110471132376,1.0,1,0,0.8421052631578947,0.0
19,random,hard,E,0.9,0.3,805.4789201640659,0.6,1,0,0.85,0.0
20,random,simple,A,0.8,1.0,1988.9190713903813,1.0,1,0,0.8571428571428571,0.0
21,random,simple,D,0.85,0.6781387650332115,550.6962594967579,0.22,1,0,0.8636363636363636,0.0
22,random,simple,D,0.85,0.896762113229226,646.8780768609645,0.22,1,0,0.8695652173913043,0.0
23,random,hard,C,0.75,0.35682048564765395,561.3345587235127,0.35,0,0,0.8333333333333334,0.0
24,random,simple,D,0.85,0.9944525804847126,762.108225887638,0.22,1,0,0.84,0.0
25,random,simple,B,0.95,0.36277550061990793,391.0386121484579,0.1,1,0,0.8461538461538461,0.0
26,random,hard,A,0.95,0.764404086784,1210.4763040778696,1.0,0,0,0.8148148148148148,0.0
27,random,hard,A,0.95,0.9726755963699198,1636.2500984050826,1.0,0,0,0.7857142857142857,0.0
28,random,simple,D,0.85,0.8963685982567087,810.1324477462684,0.22,1,0,0.7931034482758621,0.0
29,random,simple,D,0.85,1.0,648.07934606808,0.22,1,0,0.8,0.0
30,random,simple,D,0.85,1.0,973.495024623197,0.22,1,0,0.8064516129032258,0.0
31,random,simple,A,0.8,0.8833090419282739,1617.0279693657667,1.0,1,0,0.8125,0.0
32,random,simple,A,0.8,1.0,1852.6462119667842,1.0,1,0,0.8181818181818182,0.0
33,random,simple,B,0.95,0.4304665947765287,352.2107101094639,0.1,1,0,0.8235294117647058,0.0
34,random,simple,D,0.85,0.8996953599999999,690.8698572968372,0.22,1,0,0.8285714285714286,0.0
35,random,simple,A,0.8,0.9814719999999999,1804.5067353126944,1.0,1,0,0.8333333333333334,0.0
36,random,simple,A,0.8,1.0,2156.0830330109916,1.0,1,0,0.8378378378378378,0.0
37,random,simple,B,0.95,0.5581488195224845,413.7190994623785,0.1,1,0,0.8421052631578947,0.0
38,random,simple,A,0.8,1.0,1488.034716147947,1.0,1,0,0.8461538461538461,0.0
39,random,simple,D,0.85,0.774797956868866,608.4810631482073,0.22,1,0,0.85,0.0
40,random,simple,D,0.85,0.9818222020446021,752.7915746128119,0.22,1,0,0.8536585365853658,0.0
41,random,hard,E,0.9,0.3180193882180242,782.5093944444991,0.6,1,0,0.8571428571428571,0.0
42,random,simple,B,0.95,0.594552946386258,460.0732584257169,0.1,1,0,0.8604651162790697,0.0
43,random,simple,A,0.8,0.8277319167999999,1315.766194292123,1.0,1,0,0.8636363636363636,0.0
44,random,hard,E,0.9,0.5167213085277134,928.3875218873605,0.6,1,0,0.8666666666666667,0.0
45,random,simple,D,0.85,0.8181389126417946,744.5758126090655,0.22,1,0,0.8695652173913043,0.0
46,random,hard,A,0.95,0.8640761248055295,1628.6816092624085,1.0,0,0,0.851063829787234,0.0
47,random,simple,A,0.8,1.0,1814.997001098856,1.0,1,0,0.8541666666666666,0.0
48,random,simple,D,0.85,0.8575387610758292,764.2123024956309,0.22,1,0,0.8571428571428571,0.0
49,random,simple,A,0.8,1.0,1617.1328841278391,1.0,1,0,0.86,0.0
50,random,simple,B,0.95,0.5138217663453494,443.40255422084255,0.1,1,0,0.86,0.0
51,random,simple,B,0.95,0.7521631543839075,541.2652874688918,0.1,1,0,0.86,0.0
52,random,simple,D,0.85,0.8142620160373233,666.8912462442365,0.22,1,0,0.86,0.0
53,random,simple,D,0.85,1.0,919.6836625900626,0.22,1,0,0.86,0.0
54,random,simple,B,0.95,0.8125781291443102,617.6223767374544,0.1,1,0,0.86,0.0
55,random,simple,B,0.95,1.0,584.4860520238606,0.1,0,0,0.84,0.0
56,random,hard,E,0.9,0.41144188184786334,790.8937562469985,0.6,1,0,0.84,0.0
57,random,simple,D,0.85,0.8996953599999999,742.821272580993,0.22,1,0,0.84,0.0
58,random,hard,E,0.9,0.6186205933029854,953.816959217919,0.6,0,0,0.82,0.0
59,random,simple,D,0.85,0.9967240867839999,777.3069196181067,0.22,1,0,0.84,0.0
60,random,simple,A,0.8,0.5450808588882738,1260.962413194133,1.0,1,0,0.84,0.0
61,random,simple,A,0.8,0.7796711558216809,1367.5639001354734,1.0,1,0,0.86,0.0
62,random,simple,D,0.85,0.9792395568688659,793.7082826035958,0.22,0,0,0.86,0.0
63,random,simple,B,0.95,0.6596345248055295,480.56981547547315,0.1,1,0,0.86,0.0
64,random,simple,B,0.95,0.880478381828866,647.5451092731928,0.1,1,0,0.86,0.0
65,random,simple,B,0.95,1.0,654.2315650955057,0.1,1,0,0.86,0.0
66,random,simple,A,0.8,0.7114573535354471,1358.5500515117003,1.0,1,0,0.86,0.0
67,random,hard,C,0.75,0.30128732248401213,503.9518337890294,0.35,1,0,0.86,0.0
68,random,simple,A,0.8,0.8509525745778503,1683.2769381791904,1.0,1,0,0.86,0.0
69,random,simple,A,0.8,1.0,1908.0754821971534,1.0,1,0,0.86,0.0
70,random,simple,D,0.85,0.6521683527053119,668.3362940726313,0.22,1,0,0.86,0.0
71,random,simple,D,0.85,0.8739081503806745,609.6305064179905,0.22,1,0,0.86,0.0
72,random,simple,A,0.8,0.9814719999999999,1684.1371336131679,1.0,1,0,0.86,0.0
73,random,simple,B,0.95,0.6596345248055295,463.17466157237163,0.1,1,0,0.88,0.0
74,random,simple,B,0.95,0.880478381828866,575.6930374188827,0.1,1,0,0.88,0.0
75,random,simple,D,0.85,0.8240786628494727,650.9118640418458,0.22,1,0,0.88,0.0
76,random,simple,B,0.95,0.9818424588882737,601.2168366422848,0.1,1,0,0.9,0.0
77,random,simple,D,0.85,0.9381665165106317,723.3970597910176,0.22,1,0,0.92,0.0
78,random,simple,D,0.85,1.0,750.7133897038415,0.22,1,0,0.92,0.0
79,random,simple,A,0.8,0.7011036549203781,1199.425983408509,1.0,1,0,0.92,0.0
80,random,simple,A,0.8,0.9169712163299326,1404.180235292452,1.0,1,0,0.92,0.0
81,random,simple,D,0.85,0.9814719999999999,789.4644997438731,0.22,1,0,0.92,0.0
82,random,simple,B,0.95,0.7559716504857659,562.4399632912593,0.1,1,0,0.92,0.0
83,random,simple,D,0.85,1.0,760.8343402510194,0.22,1,0,0.92,0.0
84,random,simple,A,0.8,0.8499033836866168,1608.5670592151646,1.0,1,0,0.92,0.0
85,random,simple,B,0.95,0.8151735125998358,549.7273424396668,0.1,1,0,0.92,0.0
86,random,simple,D,0.85,0.9814719999999999,795.1345562320832,0.22,1,0,0.92,0.0
87,random,simple,A,0.8,0.8791853586876861,1792.1860111087358,1.0,1,0,0.92,0.0
88,random,hard,C,0.75,0.3205644440492745,543.2823313399405,0.35,0,0,0.9,0.0
89,random,hard,A,0.95,0.9808411417677441,1686.0955141052236,1.0,0,0,0.88,0.0
90,random,hard,C,0.75,0.5482451054717582,741.9081873286474,0.35,0,0,0.86,0.0
91,random,simple,A,0.8,1.0,1826.5501735670166,1.0,1,0,0.86,0.0
92,random,simple,D,0.85,0.755799607864066,639.5841666653138,0.22,1,0,0.86,0.0
93,random,simple,D,0.85,0.965103654920378,767.0018334567477,0.22,1,0,0.86,0.0
94,random,hard,C,0.75,0.628780045894124,786.5910778325463,0.35,0,0,0.84,0.0
95,random,simple,D,0.85,1.0,826.3401098042814,0.22,1,0,0.84,0.0
96,random,simple,B,0.95,0.49978342461093894,455.08865291124255,0.1,1,0,0.86,0.0
97,random,simple,A,0.8,0.764404086784,1417.0699423919498,1.0,1,0,0.86,0.0
98,random,simple,D,0.85,0.9814719999999999,734.8073308692607,0.22,1,0,0.86,0.0
99,random,simple,D,0.85,1.0,844.0723107951969,0.22,1,0,0.86,0.0
100,random,hard,C,0.75,0.5920080230014622,714.1157745354635,0.35,1,0,0.86,0.0
101,random,simple,D,0.85,1.0,819.035799726918,0.22,1,0,0.86,0.0
102,random,simple,A,0.8,0.7034004339282738,1330.0993239049167,1.0,1,0,0.86,0.0
103,random,simple,D,0.85,1.0,845.2658105396083,0.22,1,0,0.86,0.0
104,random,simple,D,0.85,1.0,852.1370484322956,0.22,1,0,0.86,0.0
105,random,simple,A,0.8,0.7793477005099685,1269.2955479594532,1.0,1,0,0.88,0.0
106,random,hard,C,0.75,0.5749309452907954,725.874642581549,0.35,1,0,0.88,0.0
107,random,simple,A,0.8,0.9035268592749197,1615.6824972618097,1.0,1,0,0.88,0.0
108,random,simple,B,0.95,0.4077888688463592,427.0262247619891,0.1,1,0,0.9,0.0
109,random,simple,B,0.95,0.658854204584796,499.68257843893326,0.1,0,0,0.88,0.0
110,random,simple,A,0.8,0.915728255843798,1514.183549025043,1.0,1,0,0.88,0.0
111,random,simple,B,0.95,0.810216696030466,619.2878107571019,0.1,1,0,0.88,0.0
112,random,simple,B,0.95,1.0,628.8294237253812,0.1,1,0,0.9,0.0
113,random,hard,C,0.75,0.5349602469382376,650.5129933539146,0.35,0,0,0.88,0.0
114,random,simple,A,0.8,0.8491579860504186,1546.4105456805662,1.0,1,0,0.88,0.0
115,random,simple,B,0.95,0.9814719999999999,607.9146763249561,0.1,1,0,0.88,0.0
116,random,simple,A,0.8,0.9575879443974442,1613.9214542286388,1.0,1,0,0.88,0.0
117,random,simple,A,0.8,1.0,1747.5468041352513,1.0,1,0,0.88,0.0
118,random,simple,A,0.8,1.0,1951.8513761967856,1.0,1,0,0.88,0.0
119,random,hard,A,0.95,1.0,1823.3802792622448,1.0,1,0,0.88,0.0
120,random,simple,D,0.85,0.4293369914320991,479.6687512207345,0.22,1,0,0.88,0.0
121,random,simple,A,0.8,1.0,1874.5578170241342,1.0,1,0,0.88,0.0
122,random,simple,D,0.85,0.6324785661650175,523.6890831012611,0.22,1,0,0.88,0.0
123,random,simple,D,0.85,0.8565811382252153,668.5155292838929,0.22,0,0,0.86,0.0
124,random,hard,C,0.75,0.4311085167907064,628.1440878711159,0.35,1,0,0.86,0.0
125,random,simple,D,0.85,0.9633364334416068,763.0828900721109,0.22,1,0,0.86,0.0
126,random,hard,E,0.9,0.30010381164654115,803.5081135432315,0.6,0,0,0.84,0.0
127,random,simple,D,0.85,1.0,786.3144515033598,0.22,1,0,0.84,0.0
128,random,simple,A,0.8,0.70867559636992,1288.7931602419528,1.0,1,0,0.84,0.0
129,random,simple,B,0.95,0.46392127538074013,375.622661097653,0.1,1,0,0.84,0.0
130,random,simple,A,0.8,0.848798381828866,1449.5513407671394,1.0,1,0,0.84,0.0
131,random,hard,C,0.75,0.4761835301995936,655.139870111661,0.35,1,0,0.84,0.0
132,random,simple,D,0.85,0.8277319167999999,681.3045665570965,0.22,1,0,0.84,0.0
133,random,simple,A,0.8,0.878432330861681,1461.0092247890968,1.0,1,0,0.84,0.0
134,random,hard,E,0.9,0.407927691693832,1014.0708792197229,0.6,0,0,0.82,0.0
135,random,simple,A,0.8,0.9802579970192857,1371.7311550058366,1.0,1,0,0.82,0.0
136,random,hard,C,0.75,0.5512972471408222,736.5636183267683,0.35,0,0,0.8,0.0
137,random,simple,B,0.95,0.4668421074187277,431.26538151364133,0.1,1,0,0.8,0.0
138,random,simple,D,0.85,0.6844020849234738,670.6091754833797,0.22,1,0,0.82,0.0
139,random,hard,A,0.95,0.8878561724153595,1504.9036935509491,1.0,0,0,0.82,0.0
140,random,simple,B,0.95,0.6181398246268552,508.7303514369951,0.1,1,0,0.84,0.0
141,random,simple,B,0.95,0.8439630456716325,556.0893357367744,0.1,1,0,0.84,0.0
142,random,simple,A,0.8,0.9050491215282399,1725.2219114490695,1.0,1,0,0.84,0.0
143,random,simple,B,0.95,0.9535649825681123,649.312852001101,0.1,1,0,0.84,0.0
144,random,simple,A,0.8,1.0,1711.8564017335957,1.0,1,0,0.86,0.0
145,random,simple,D,0.85,0.5796984302129173,460.4207392558369,0.22,1,0,0.86,0.0
146,random,simple,B,0.95,0.9498278358006567,605.025128047779,0.1,1,0,0.86,0.0
147,random,simple,B,0.95,1.0,710.7482105549692,0.1,1,0,0.86,0.0
148,random,simple,B,0.95,1.0,770.0121852045994,0.1,1,0,0.86,0.0
149,random,simple,D,0.85,0.6476424587979703,628.055796556399,0.22,1,0,0.86,0.0
150,random,simple,B,0.95,1.0,690.962643677732,0.1,1,0,0.86,0.0
151,random,simple,A,0.8,0.70867559636992,1264.1399057773046,1.0,1,0,0.86,0.0
152,random,simple,B,0.95,1.0,696.1579461436538,0.1,1,0,0.86,0.0
153,random,simple,A,0.8,0.848798381828866,1369.5249597352206,1.0,1,0,0.86,0.0
154,random,hard,A,0.95,1.0,1381.0306006012333,1.0,1,0,0.86,0.0
155,random,simple,A,0.8,1.0,1828.5531488731917,1.0,1,0,0.86,0.0
156,random,simple,D,0.85,0.5646756680837419,584.2946917718458,0.22,1,0,0.86,0.0
157,random,simple,B,0.95,0.8277319167999999,505.05721680407015,0.1,1,0,0.86,0.0
158,random,simple,A,0.8,0.9814719999999999,1465.6875696831087,1.0,0,0,0.84,0.0
159,random,simple,B,0.95,0.9409955963699199,548.0066578132887,0.1,1,0,0.86,0.0
160,random,hard,A,0.95,1.0,1721.0656472891444,1.0,1,0,0.86,0.0
161,random,simple,B,0.95,1.0,597.9478219991627,0.1,1,0,0.86,0.0
162,random,simple,A,0.8,1.0,2000.6155894342726,1.0,1,0,0.86,0.0
163,random,simple,D,0.85,0.5307691654097062,510.2635046321807,0.22,1,0,0.88,0.0
164,random,simple,A,0.8,1.0,1742.4991129067257,1.0,1,0,0.88,0.0
165,random,hard,C,0.75,0.3135326645387647,564.0384548143629,0.35,0,0,0.86,0.0
166,random,simple,B,0.95,0.8277319167999999,557.6449681319365,0.1,1,0,0.86,0.0
167,random,simple,D,0.85,0.6182998057272733,622.0052485190677,0.22,1,0,0.86,0.0
168,random,simple,A,0.8,0.8996953599999999,1369.264719104576,1.0,1,0,0.86,0.0
169,random,hard,A,0.95,1.0,1790.7533299485767,1.0,0,0,0.84,0.0
170,random,simple,D,0.85,0.7213540052085764,625.9567651965835,0.22,1,0,0.84,0.0
171,random,simple,A,0.8,1.0,1832.8706390868074,1.0,1,0,0.84,0.0
172,random,simple,D,0.85,0.8586165416335216,688.8164966403112,0.22,1,0,0.84,0.0
173,random,simple,B,0.95,0.638273834732657,491.40400802487903,0.1,1,0,0.86,0.0
174,random,simple,A,0.8,0.9814719999999999,1566.440642976634,1.0,1,0,0.86,0.0
175,random,hard,C,0.75,0.3873191530848744,559.6887277112301,0.35,0,0,0.84,0.0
176,random,hard,A,0.95,1.0,1895.6673087490617,1.0,0,0,0.84,0.0
177,random,simple,A,0.8,1.0,1702.6704636216355,1.0,1,0,0.84,0.0
178,random,simple,D,0.85,0.6987450309149519,520.0500458671714,0.22,1,0,0.84,0.0
179,random,simple,A,0.8,1.0,1769.5895053714576,1.0,1,0,0.84,0.0
180,random,simple,A,0.8,1.0,1733.2295093987905,1.0,1,0,0.84,0.0
181,random,simple,A,0.8,1.0,1982.2347349545519,1.0,1,0,0.84,0.0
182,random,simple,B,0.95,0.5019998703798962,430.80150583929134,0.1,1,0,0.84,0.0
183,random,hard,E,0.9,0.3007766656954947,704.9945049582789,0.6,0,0,0.82,0.0
184,random,simple,A,0.8,0.9814719999999999,1756.0935692699593,1.0,1,0,0.84,0.0
185,random,simple,D,0.85,0.585560042219686,592.1140205283104,0.22,1,0,0.84,0.0
186,random,simple,A,0.8,1.0,1658.5504573505973,1.0,1,0,0.86,0.0
187,random,simple,A,0.8,1.0,2129.4958435549815,1.0,1,0,0.86,0.0
188,random,hard,C,0.75,0.37350954108756673,594.5300559245463,0.35,0,0,0.84,0.0
189,random,simple,D,0.85,0.6511576403205499,594.2712523329071,0.22,1,0,0.86,0.0
190,random,simple,A,0.8,0.9814719999999999,1873.2283086067052,1.0,1,0,0.86,0.0
191,random,simple,B,0.95,0.4588721066561301,400.01069112756585,0.1,1,0,0.86,0.0
192,random,simple,D,0.85,0.7437456994645258,616.7167226062766,0.22,1,0,0.86,0.0
193,random,simple,D,0.85,0.9544962155287828,679.9326302062568,0.22,1,0,0.86,0.0
194,random,simple,A,0.8,0.8885842043699199,1633.7502881982593,1.0,1,0,0.86,0.0
195,random,simple,D,0.85,1.0,759.7024051784845,0.22,1,0,0.86,0.0
196,random,simple,A,0.8,0.9881196078640659,1531.2230407854788,1.0,1,0,0.86,0.0
197,random,hard,C,0.75,0.4182076951610355,665.2804543592954,0.35,1,0,0.86,0.0
198,random,simple,D,0.85,0.9814719999999999,684.1851913041991,0.22,0,0,0.84,0.0
199,random,simple,D,0.85,1.0,777.8887016834743,0.22,1,0,0.84,0.0
200,random,simple,A,0.8,0.8925707439610999,1577.261563616813,1.0,1,0,0.84,0.0
201,random,simple,D,0.85,1.0,889.9422379505368,0.22,1,0,0.84,0.0
202,random,simple,D,0.85,1.0,967.1016384410634,0.22,1,0,0.84,0.0
203,random,hard,A,0.95,0.9082619700286587,1710.5545313263729,1.0,1,0,0.84,0.0
204,random,simple,B,0.95,0.38708962030283434,365.1451853093691,0.1,1,0,0.84,0.0
205,random,simple,D,0.85,0.9814719999999999,720.5388653069891,0.22,1,0,0.84,0.0
206,random,simple,A,0.8,0.9189551012393702,1587.937751980255,1.0,1,0,0.84,0.0
207,random,hard,E,0.9,0.31399034010105364,712.4183814815322,0.6,1,0,0.84,0.0
208,random,simple,B,0.95,0.5321358491997715,500.86372592306026,0.1,1,0,0.86,0.0
209,random,simple,A,0.8,0.926242170751796,1576.131636057459,1.0,1,0,0.86,0.0
210,random,simple,A,0.8,1.0,1779.144152859309,1.0,1,0,0.86,0.0
211,random,simple,B,0.95,0.6626356814258667,487.4656142926772,0.1,1,0,0.86,0.0
212,random,simple,A,0.8,1.0,1598.5710815387597,1.0,1,0,0.86,0.0
213,random,simple,B,0.95,0.8131450716961912,570.6094669008788,0.1,1,0,0.86,0.0
214,random,simple,B,0.95,1.0,635.5172363129049,0.1,1,0,0.86,0.0
215,random,simple,A,0.8,0.9814719999999999,1444.34888167513,1.0,1,0,0.88,0.0
216,random,simple,D,0.85,0.5405400007347919,610.4704082383413,0.22,1,0,0.88,0.0
217,random,simple,A,0.8,1.0,1811.6640298760167,1.0,1,0,0.88,0.0
218,random,hard,C,0.75,0.3285448742987569,626.916059103819,0.35,1,0,0.88,0.0
219,random,simple,A,0.8,1.0,1554.1769425228756,1.0,1,0,0.9,0.0
220,random,simple,A,0.8,1.0,1905.0870916354695,1.0,1,0,0.9,0.0
221,random,simple,B,0.95,0.70867559636992,611.6018427436615,0.1,1,0,0.9,0.0
222,random,simple,A,0.8,1.0,1618.2182371489248,1.0,1,0,0.9,0.0
223,random,simple,D,0.85,0.5209055071620882,533.0993626106398,0.22,1,0,0.9,0.0
224,random,hard,C,0.75,0.45257758231627826,572.1363448531368,0.35,0,0,0.88,0.0
225,random,simple,B,0.95,0.7249894668882739,538.4695826545943,0.1,1,0,0.9,0.0
226,random,simple,D,0.85,0.6549825177767625,575.3266013043958,0.22,1,0,0.92,0.0
227,random,simple,B,0.95,0.8614318431582793,490.61580286929984,0.1,1,0,0.92,0.0
228,random,hard,E,0.9,0.3214314917992058,725.8992295363427,0.6,1,0,0.92,0.0
229,random,simple,D,0.85,0.7463522463543659,668.506724304647,0.22,1,0,0.92,0.0
230,random,hard,E,0.9,0.5489165472493049,1021.9726862561707,0.6,0,0,0.9,0.0
231,random,hard,C,0.75,0.48495741335676157,627.8847299528674,0.35,0,0,0.88,0.0
232,random,simple,B,0.95,0.7546050777824758,476.1969723479482,0.1,0,0,0.86,0.0
233,random,simple,D,0.85,0.7475839790642902,623.8871436028695,0.22,1,0,0.88,0.0
234,random,simple,B,0.95,0.8843661722347493,626.5925158716103,0.1,1,0,0.88,0.0
235,random,hard,A,0.95,0.48979061712307925,1181.7972099772842,1.0,0,0,0.86,0.0
236,random,simple,A,0.8,0.7310157430683097,1484.93485364167,1.0,1,0,0.86,0.0
237,random,simple,D,0.85,0.748322643455192,641.059135826815,0.22,1,0,0.86,0.0
238,random,simple,B,0.95,0.83035029003014,582.4493045687618,0.1,1,0,0.88,0.0
239,random,simple,A,0.8,0.7981667604602471,1418.191901846203,1.0,1,0,0.88,0.0
240,random,simple,B,0.95,0.9430232645993404,597.7357373232632,0.1,1,0,0.88,0.0
241,random,simple,D,0.85,0.7487656170630129,692.3776933962847,0.22,1,0,0.88,0.0
242,random,simple,D,0.85,0.9589137430154513,792.8523347642686,0.22,1,0,0.88,0.0
243,random,simple,B,0.95,0.9426439501730417,665.6572839638116,0.1,0,0,0.86,0.0
244,random,simple,A,0.8,0.7212180744237326,1064.5350872595104,1.0,1,0,0.86,0.0
245,random,simple,D,0.85,0.9534728662802257,622.7216622116821,0.22,1,0,0.86,0.0
246,random,simple,D,0.85,1.0,771.5316627698162,0.22,0,0,0.84,0.0
247,random,simple,B,0.95,0.8652992030508442,617.6699761285647,0.1,0,0,0.82,0.0
248,random,simple,D,0.85,1.0,856.9993180493404,0.22,1,0,0.84,0.0
249,random,simple,A,0.8,0.6806097968464415,1489.0320899617705,1.0,1,0,0.84,0.0
250,random,simple,D,0.85,1.0,815.829738597923,0.22,1,0,0.84,0.0
251,random,simple,B,0.95,0.818915917081289,645.8625427507181,0.1,1,0,0.84,0.0
252,random,hard,A,0.95,0.7638165194765383,1340.4665427094596,1.0,0,0,0.82,0.0
253,random,simple,D,0.85,0.9814719999999999,831.2082395080712,0.22,1,0,0.82,0.0
254,random,simple,D,0.85,1.0,964.0568218974781,0.22,1,0,0.82,0.0
255,random,simple,B,0.95,0.7911000757037937,569.7437389012726,0.1,1,0,0.82,0.0
256,random,hard,A,0.95,0.7580572226214296,1508.4997274853454,1.0,0,0,0.8,0.0
257,random,simple,B,0.95,0.9126278986250178,623.9237644224355,0.1,1,0,0.8,0.0
258,random,simple,D,0.85,0.8996953599999999,726.0746234866208,0.22,0,0,0.78,0.0
259,random,simple,D,0.85,1.0,738.0895635043668,0.22,1,0,0.78,0.0
260,random,simple,B,0.95,0.921930359331788,636.5652947841783,0.1,1,0,0.78,0.0
261,random,simple,D,0.85,1.0,902.8916386613721,0.22,1,0,0.78,0.0
262,random,simple,A,0.8,0.6520448722015203,1237.251275964389,1.0,1,0,0.78,0.0
263,random,hard,C,0.75,0.3081123954242523,509.10178172583664,0.35,0,0,0.76,0.0
264,random,simple,D,0.85,0.9814719999999999,678.0348039946722,0.22,1,0,0.76,0.0
265,random,simple,B,0.95,0.7865320756862773,573.6918211645508,0.1,1,0,0.76,0.0
266,random,simple,B,0.95,0.9921482266039239,701.8062483839437,0.1,1,0,0.76,0.0
267,random,simple,B,0.95,1.0,823.0222502044965,0.1,1,0,0.76,0.0
268,random,simple,A,0.8,0.602812303416937,1157.2148198759162,1.0,1,0,0.76,0.0
269,random,hard,C,0.75,0.4430886556238306,642.4548485831122,0.35,1,0,0.76,0.0
270,random,simple,B,0.95,0.9814719999999999,572.1714039809655,0.1,1,0,0.76,0.0
271,random,simple,D,0.85,0.7011036549203781,626.2097812223631,0.22,1,0,0.76,0.0
272,random,simple,B,0.95,1.0,647.6875483767827,0.1,0,0,0.74,0.0
273,random,simple,A,0.8,0.6181232923528434,1235.0509299960522,1.0,1,0,0.74,0.0
274,random,hard,E,0.9,0.30198035886823527,811.2655356301798,0.6,1,0,0.76,0.0
275,random,hard,A,0.95,0.778674677598042,1425.885813089448,1.0,0,0,0.74,0.0
276,random,hard,E,0.9,0.5338535899075614,1067.4050023705754,0.6,0,0,0.72,0.0
277,random,simple,A,0.8,0.9030056703319238,1644.4015520683167,1.0,1,0,0.72,0.0
278,random,simple,B,0.95,0.764404086784,599.8131934924678,0.1,1,0,0.72,0.0
279,random,simple,B,0.95,0.9726755963699198,644.13052739566,0.1,1,0,0.72,0.0
280,random,simple,A,0.8,0.9153730801724367,1462.895917867599,1.0,1,0,0.74,0.0
281,random,simple,D,0.85,0.4952580521790843,486.84420418960957,0.22,1,0,0.76,0.0
282,random,simple,A,0.8,1.0,1874.1495675114556,1.0,1,0,0.78,0.0
283,random,simple,D,0.85,0.6835278356074829,636.7208083474225,0.22,1,0,0.78,0.0
284,random,simple,D,0.85,0.901504495334585,768.4802697962348,0.22,1,0,0.78,0.0
285,random,simple,B,0.95,0.7517145220692552,479.8107156056927,0.1,1,0,0.8,0.0
286,random,simple,B,0.95,0.9615087794209445,674.1343236240358,0.1,1,0,0.8,0.0
287,random,hard,E,0.9,0.4308372963351335,897.117505746599,0.6,1,0,0.8,0.0
288,random,simple,B,0.95,1.0,736.1917938575081,0.1,1,0,0.8,0.0
289,random,simple,A,0.8,0.70867559636992,1168.3588962803956,1.0,1,0,0.8,0.0
290,random,hard,E,0.9,0.5936035540080962,1167.1134409387462,0.6,1,0,0.8,0.0
291,random,simple,D,0.85,0.6684228872610253,538.8982668685894,0.22,0,0,0.78,0.0
292,random,simple,B,0.95,0.8996953599999999,612.9207686953029,0.1,1,0,0.78,0.0
293,random,simple,B,0.95,1.0,793.6193808839989,0.1,0,0,0.78,0.0
294,random,simple,A,0.8,0.673990730861681,1349.6336994090664,1.0,1,0,0.78,0.0
295,random,simple,D,0.85,0.70085010400824,716.6685324745038,0.22,1,0,0.78,0.0
296,random,simple,A,0.8,0.8219384219792858,1624.8457911551925,1.0,1,0,0.8,0.0
297,random,hard,C,0.75,0.31235962946855084,525.1130816191003,0.35,0,0,0.8,0.0
298,random,hard,A,0.95,0.9365091139807589,1638.9502539045711,1.0,0,0,0.78,0.0
299,random,simple,A,0.8,1.0,1840.6726246142096,1.0,1,0,0.78,0.0
300,random,simple,B,0.95,0.70867559636992,553.195852133184,0.1,1,0,0.78,0.0
301,random,simple,A,0.8,1.0,1409.2763733516122,1.0,1,0,0.78,0.0
302,random,simple,D,0.85,0.586420334221488,567.2355653150091,0.22,1,0,0.8,0.0
303,random,simple,D,0.85,0.8160498941149095,777.6871252861256,0.22,1,0,0.8,0.0
304,random,hard,A,0.95,0.9814719999999999,2057.1010647018616,1.0,0,0,0.78,0.0
305,random,hard,E,0.9,0.3872442020213735,848.1053032991941,0.6,0,0,0.76,0.0
306,random,simple,D,0.85,0.8561151534422757,783.5056929075735,0.22,1,0,0.78,0.0
307,random,simple,B,0.95,0.5896184219792857,439.8737210169284,0.1,1,0,0.78,0.0
308,random,simple,D,0.85,0.9629755748256983,800.1190504463816,0.22,1,0,0.8,0.0
309,random,simple,B,0.95,0.7566005059807588,545.3830515804743,0.1,0,0,0.78,0.0
310,random,simple,D,0.85,1.0,793.329503611701,0.22,1,0,0.78,0.0
311,random,simple,B,0.95,0.8859114318314996,641.8186963962712,0.1,1,0,0.78,0.0
312,random,simple,D,0.85,1.0,780.8818811727156,0.22,1,0,0.78,0.0
313,random,hard,A,0.95,0.6106146703703408,1205.5752696330396,1.0,1,0,0.8,0.0
314,random,simple,A,0.8,0.8373409099258999,1378.1508705933115,1.0,0,0,0.78,0.0
315,random,simple,B,0.95,0.8312769750403066,583.3769244918215,0.1,1,0,0.78,0.0
316,random,simple,A,0.8,0.9484368006466168,1708.5963265631262,1.0,1,0,0.78,0.0
317,random,simple,B,0.95,0.9437408894712136,562.4575452713199,0.1,1,0,0.78,0.0
318,random,hard,A,0.95,1.0,1568.5078631625731,1.0,0,0,0.76,0.0
319,random,simple,A,0.8,1.0,2167.2561918720407,1.0,1,0,0.76,0.0
320,random,simple,D,0.85,0.6596345248055295,667.2606850131048,0.22,1,0,0.76,0.0
321,random,simple,D,0.85,0.880478381828866,677.145198737811,0.22,1,0,0.76,0.0
322,random,simple,D,0.85,1.0,733.6728049743058,0.22,1,0,0.78,0.0
323,random,simple,A,0.8,0.8996953599999999,1478.1719007497707,1.0,1,0,0.78,0.0
324,random,hard,C,0.75,0.30990118207764267,628.9415071008315,0.35,0,0,0.76,0.0
325,random,simple,B,0.95,0.6394018063245277,467.16659270672216,0.1,1,0,0.78,0.0
326,random,simple,B,0.95,0.8626735895655844,657.7663859803552,0.1,1,0,0.8,0.0
327,random,simple,B,0.95,1.0,670.0574494920611,0.1,0,0,0.78,0.0
328,random,simple,D,0.85,0.764404086784,653.6715318768694,0.22,1,0,0.78,0.0
329,random,simple,A,0.8,0.7178222020446021,1050.5414057732578,1.0,1,0,0.78,0.0
330,random,simple,A,0.8,0.9316835377992498,1519.4560677432905,1.0,1,0,0.78,0.0
331,random,simple,B,0.95,0.8996953599999999,537.1999446353602,0.1,1,0,0.78,0.0
332,random,simple,B,0.95,1.0,737.2856437499422,0.1,1,0,0.78,0.0
333,random,hard,E,0.9,0.31080188984773327,743.0528912637819,0.6,0,0,0.76,0.0
334,random,simple,B,0.95,1.0,654.3410438857959,0.1,1,0,0.76,0.0
335,random,simple,B,0.95,1.0,686.4102962588152,0.1,0,0,0.74,0.0
336,random,simple,B,0.95,1.0,759.3541186126615,0.1,1,0,0.74,0.0
337,random,simple,D,0.85,0.5419173684487724,571.4205343719659,0.22,1,0,0.74,0.0
338,random,simple,B,0.95,1.0,686.7577531829505,0.1,1,0,0.74,0.0
339,random,simple,A,0.8,0.5948576984192998,1244.563378491878,1.0,1,0,0.74,0.0
340,random,simple,B,0.95,1.0,718.611302274771,0.1,1,0,0.74,0.0
341,random,simple,B,0.95,1.0,774.0674929814544,0.1,0,0,0.74,0.0
342,random,hard,E,0.9,0.3983620791683641,818.4313062011753,0.6,0,0,0.72,0.0
343,random,hard,E,0.9,0.6505586296681604,1054.3604089139462,0.6,1,0,0.74,0.0
344,random,simple,A,0.8,0.6139253934100535,1241.4951375616083,1.0,1,0,0.74,0.0
345,random,simple,B,0.95,0.8996953599999999,564.6658984245598,0.1,1,0,0.74,0.0
346,random,simple,B,0.95,1.0,608.3229839326077,0.1,1,0,0.74,0.0
347,random,simple,A,0.8,0.7183729656979361,1361.1949477504602,1.0,1,0,0.76,0.0
348,random,simple,A,0.8,0.9321682098141837,1682.56610538236,1.0,1,0,0.78,0.0
349,random,simple,A,0.8,1.0,1716.9032296553823,1.0,0,0,0.76,0.0
350,random,simple,A,0.8,1.0,1868.7357737585169,1.0,1,0,0.76,0.0
351,random,simple,A,0.8,1.0,2150.844045985087,1.0,1,0,0.76,0.0
352,random,simple,A,0.8,1.0,1900.683750644774,1.0,1,0,0.76,0.0
353,random,hard,E,0.9,0.48118121331392183,1047.6865596782288,0.6,0,0,0.74,0.0
354,random,simple,A,0.8,1.0,1917.9554799665004,1.0,1,0,0.76,0.0
355,random,hard,A,0.95,1.0,2005.7233059476707,1.0,0,0,0.76,0.0
356,random,simple,D,0.85,0.34776434661129874,486.7085847285729,0.22,1,0,0.76,0.0
357,random,simple,B,0.95,0.5450808588882738,404.14280613378776,0.1,1,0,0.76,0.0
358,random,hard,A,0.95,0.9814719999999999,1876.0813827434824,1.0,0,0,0.74,0.0
359,random,simple,B,0.95,0.7221106171230792,568.4447508827991,0.1,1,0,0.76,0.0
360,random,simple,A,0.8,1.0,1716.7268913363066,1.0,1,0,0.76,0.0
361,random,simple,A,0.8,1.0,1907.0022799891071,1.0,1,0,0.76,0.0
362,random,simple,A,0.8,1.0,1950.554017917732,1.0,1,0,0.76,0.0
363,random,simple,A,0.8,1.0,1864.8778796352492,1.0,1,0,0.76,0.0
364,random,simple,A,0.8,1.0,1734.3455825393848,1.0,1,0,0.78,0.0
365,random,simple,D,0.85,0.4100598976733167,421.1223718490719,0.22,1,0,0.78,0.0
366,random,simple,D,0.85,0.6608527099525187,517.4329517166382,0.22,0,0,0.76,0.0
367,random,simple,A,0.8,0.9814719999999999,1715.4243661978926,1.0,1,0,0.76,0.0
368,random,hard,A,0.95,1.0,1966.815330721683,1.0,0,0,0.76,0.0
369,random,simple,A,0.8,1.0,1665.172260799024,1.0,1,0,0.76,0.0
370,random,simple,B,0.95,0.47697549025686575,418.83376996519945,0.1,1,0,0.76,0.0
371,random,simple,B,0.95,0.7197384314260419,485.68815046861926,0.1,1,0,0.76,0.0
372,random,simple,B,0.95,0.9333698196549169,644.6717438014189,0.1,1,0,0.76,0.0
373,random,simple,A,0.8,0.8996953599999999,1720.8491989487259,1.0,0,0,0.74,0.0
374,random,simple,A,0.8,1.0,1677.9909512360628,1.0,1,0,0.76,0.0
375,random,hard,A,0.95,1.0,1965.008564477004,1.0,0,0,0.74,0.0
376,random,simple,D,0.85,0.48404812472023473,488.4551710717571,0.22,1,0,0.74,0.0
377,random,simple,B,0.95,0.7925690440097597,540.8015057818725,0.1,1,0,0.76,0.0
378,random,simple,A,0.8,0.9814719999999999,1579.5251312448215,1.0,1,0,0.76,0.0
379,random,simple,D,0.85,0.6298652436493478,689.9796497466059,0.22,1,0,0.76,0.0
380,random,simple,B,0.95,0.840113611559419,553.2649765923718,0.1,1,0,0.76,0.0
381,random,simple,D,0.85,0.787767644682055,659.7985617748543,0.22,1,0,0.76,0.0
382,random,simple,A,0.8,0.8885842043699199,1443.5630475903583,1.0,1,0,0.76,0.0
383,random,simple,D,0.85,0.9100472640417834,661.114266689872,0.22,1,0,0.78,0.0
384,random,simple,D,0.85,1.0,905.1211464655715,0.22,1,0,0.78,0.0
385,random,simple,B,0.95,0.7433547665580229,502.520618276689,0.1,1,0,0.8,0.0
386,random,hard,A,0.95,0.8328798243299327,1394.791935782904,1.0,0,0,0.78,0.0
387,random,simple,B,0.95,0.8756539312225329,636.2241118541383,0.1,1,0,0.78,0.0
388,random,simple,A,0.8,0.9449821359610999,1545.715338252317,1.0,1,0,0.78,0.0
389,random,simple,B,0.95,0.9781064043387295,660.0999654355775,0.1,1,0,0.78,0.0
390,random,simple,B,0.95,1.0,708.5598308571386,0.1,1,0,0.78,0.0
391,random,simple,A,0.8,0.9439788661576827,1617.046915942881,1.0,1,0,0.8,0.0
392,random,simple,A,0.8,1.0,1600.5410781453306,1.0,1,0,0.82,0.0
393,random,simple,A,0.8,1.0,1785.2676271914406,1.0,1,0,0.82,0.0
394,random,hard,E,0.9,0.3025474063148432,760.4364110544702,0.6,0,0,0.8,0.0
395,random,simple,A,0.8,1.0,1533.958760855103,1.0,1,0,0.8,0.0
396,random,simple,B,0.95,0.764404086784,506.2599806567431,0.1,0,0,0.78,0.0
397,random,simple,D,0.85,0.48979061712307925,488.15586193434723,0.22,1,0,0.78,0.0
398,random,simple,D,0.85,0.7310157430683097,618.4118520928347,0.22,1,0,0.78,0.0
399,random,simple,B,0.95,0.8209199818288659,556.7868883227322,0.1,1,0,0.8,0.0
400,random,simple,A,0.8,0.8277319167999999,1446.3050839809612,1.0,1,0,0.8,0.0
401,random,simple,B,0.95,0.9357204339282739,570.826640326541,0.1,1,0,0.8,0.0
402,random,simple,A,0.8,0.9409955963699199,1763.9023190400812,1.0,1,0,0.8,0.0
403,random,simple,B,0.95,1.0,662.695814371101,0.1,1,0,0.82,0.0
404,random,simple,D,0.85,0.6394866985843656,558.077850081362,0.22,1,0,0.82,0.0
405,random,hard,C,0.75,0.3000098700573686,557.1720875920272,0.35,1,0,0.84,0.0
406,random,hard,A,0.95,0.8643106929234738,1373.99838963059,1.0,0,0,0.82,0.0
407,random,simple,B,0.95,0.8996953599999999,576.9923929289904,0.1,1,0,0.82,0.0
408,random,simple,B,0.95,1.0,700.4640379210931,0.1,1,0,0.84,0.0
409,random,simple,D,0.85,0.637477541212031,566.9963126571704,0.22,1,0,0.84,0.0
410,random,simple,D,0.85,0.8609802362665873,632.6830097482992,0.22,1,0,0.84,0.0
411,random,simple,D,0.85,1.0,778.1457035410832,0.22,1,0,0.84,0.0
412,random,simple,B,0.95,0.8996953599999999,561.0803733602946,0.1,0,0,0.82,0.0
413,random,simple,B,0.95,1.0,643.5394479054005,0.1,1,0,0.82,0.0
414,random,hard,E,0.9,0.3234664220417677,705.3837255410382,0.6,1,0,0.82,0.0
415,random,hard,E,0.9,0.5846504513967555,989.4839204700535,0.6,0,0,0.8,0.0
416,random,simple,A,0.8,0.5407113715545502,1273.7392430340255,1.0,1,0,0.82,0.0
417,random,simple,B,0.95,0.8996953599999999,612.0565706024539,0.1,0,0,0.8,0.0
418,random,simple,B,0.95,1.0,657.7844222461434,0.1,1,0,0.82,0.0
419,random,hard,A,0.95,0.6684796597960224,1402.447378528126,1.0,0,0,0.8,0.0
420,random,simple,B,0.95,1.0,808.8230689595882,0.1,1,0,0.8,0.0
421,random,simple,A,0.8,0.8176706485460399,1346.7081028086561,1.0,1,0,0.8,0.0
422,random,hard,A,0.95,1.0,1609.2217693060443,1.0,0,0,0.78,0.0
423,random,simple,B,0.95,0.9814719999999999,633.4031093877528,0.1,1,0,0.8,0.0
424,random,simple,D,0.85,0.48979061712307925,424.3272129314273,0.22,1,0,0.8,0.0
425,random,simple,A,0.8,0.9814719999999999,1568.12792094678,1.0,1,0,0.82,0.0
426,random,simple,A,0.8,1.0,1984.3462706546281,1.0,1,0,0.82,0.0
427,random,hard,E,0.9,0.4260922386044058,865.6279936321272,0.6,1,0,0.82,0.0
428,random,simple,B,0.95,0.8179540998455295,539.8961831605034,0.1,1,0,0.82,0.0
429,random,simple,B,0.95,1.0,709.561193919675,0.1,1,0,0.82,0.0
430,random,hard,E,0.9,0.5903699300262217,1113.1153269309584,0.6,0,0,0.8,0.0
431,random,simple,D,0.85,0.5001654725491655,598.0411731623639,0.22,1,0,0.8,0.0
432,random,hard,C,0.75,0.30950971914514647,571.2101314228005,0.35,0,0,0.78,0.0
433,random,simple,D,0.85,0.6873281419420738,655.4886102231685,0.22,0,0,0.76,0.0
434,random,simple,D,0.85,0.9048487649090249,832.976426035471,0.22,1,0,0.76,0.0
435,random,hard,E,0.9,0.6115570547938198,1163.7816155842736,0.6,1,0,0.76,0.0
436,random,simple,A,0.8,0.5785009760094021,1155.5769121373562,1.0,1,0,0.78,0.0
437,random,simple,D,0.85,0.916629097520083,816.9018080956523,0.22,1,0,0.78,0.0
438,random,simple,A,0.8,0.747991155821681,1350.5699507858071,1.0,1,0,0.78,0.0
439,random,simple,A,0.8,0.9582322171230793,1617.4826103397352,1.0,1,0,0.78,0.0
440,random,simple,A,0.8,1.0,1616.6589123775027,1.0,0,0,0.76,0.0
441,random,simple,B,0.95,0.515671155821681,483.47597421945227,0.1,0,0,0.74,0.0
442,random,simple,D,0.85,0.7837344306289276,572.5578596774808,0.22,1,0,0.74,0.0
443,random,simple,A,0.8,0.9814719999999999,1653.1236547660067,1.0,1,0,0.74,0.0
444,random,simple,A,0.8,1.0,1769.009812858309,1.0,1,0,0.76,0.0
445,random,simple,A,0.8,1.0,2149.679991595615,1.0,1,0,0.76,0.0
446,random,simple,B,0.95,0.5721361275002472,387.3114569673388,0.1,1,0,0.78,0.0
447,random,simple,B,0.95,0.8034797922002175,566.9406300542162,0.1,1,0,0.78,0.0
448,random,simple,D,0.85,0.6639694725374052,606.6116288464949,0.22,1,0,0.78,0.0
449,random,simple,A,0.8,0.8996953599999999,1595.8192965070757,1.0,1,0,0.78,0.0
450,random,simple,B,0.95,0.8475489809502665,525.0259244622712,0.1,1,0,0.78,0.0
451,random,simple,D,0.85,0.7524766043890107,655.6432210267255,0.22,1,0,0.78,0.0
452,random,simple,B,0.95,0.9563419308478864,625.1777300082861,0.1,1,0,0.78,0.0
453,random,simple,A,0.8,0.8395431328055296,1650.3338670881099,1.0,1,0,0.78,0.0
454,random,simple,A,0.8,1.0,1749.7627752052397,1.0,1,0,0.78,0.0
455,random,simple,D,0.85,0.7512567281606454,612.2482493200056,0.22,0,0,0.76,0.0
456,random,simple,D,0.85,0.9611059207813679,732.0227937451585,0.22,1,0,0.78,0.0
457,random,simple,B,0.95,0.8046921602825681,570.0681276191655,0.1,1,0,0.78,0.0
458,random,simple,D,0.85,1.0,654.5910488599739,0.22,1,0,0.78,0.0
459,random,simple,A,0.8,0.8277319167999999,1363.350822663303,1.0,1,0,0.78,0.0
460,random,hard,C,0.75,0.3086335440932546,548.0859105065653,0.35,1,0,0.78,0.0
461,random,simple,A,0.8,0.9409955963699199,1543.3274459689137,1.0,1,0,0.78,0.0
462,random,simple,D,0.85,0.8996953599999999,683.0964449751531,0.22,1,0,0.8,0.0
463,random,simple,B,0.95,0.6737023278382701,509.45143344130355,0.1,1,0,0.8,0.0
464,random,simple,A,0.8,0.9412621510494019,1256.4888147606025,1.0,1,0,0.8,0.0
465,random,hard,A,0.95,1.0,1735.056484154291,1.0,0,0,0.8,0.0
466,random,simple,A,0.8,1.0,1865.234311336795,1.0,1,0,0.8,0.0
467,random,simple,B,0.95,0.7040161600258094,500.15141688169354,0.1,0,0,0.8,0.0
468,random,simple,B,0.95,0.9195342208227122,561.3913233342233,0.1,1,0,0.8,0.0
469,random,hard,E,0.9,0.3079222370555665,753.1380974938345,0.6,0,0,0.8,0.0
470,random,simple,D,0.85,0.6235615132633399,572.4186276783147,0.22,1,0,0.8,0.0
471,random,simple,A,0.8,0.8277319167999999,1402.3243311237343,1.0,1,0,0.8,0.0
472,random,simple,D,0.85,0.7828860358711305,647.9900436411785,0.22,1,0,0.82,0.0
473,random,simple,B,0.95,0.7852675569179643,549.1659846708603,0.1,1,0,0.82,0.0
474,random,simple,D,0.85,0.9062669461786035,589.0670515438613,0.22,1,0,0.82,0.0
475,random,simple,A,0.8,0.796386989828866,1333.9604563175521,1.0,1,0,0.82,0.0
476,random,simple,B,0.95,0.8351378525479991,465.9224084130295,0.1,1,0,0.82,0.0
477,random,simple,D,0.85,0.9175955483462253,659.432964641147,0.22,1,0,0.82,0.0
478,random,simple,D,0.85,1.0,903.4732801408197,0.22,1,0,0.82,0.0
479,random,simple,D,0.85,1.0,917.3931918805334,0.22,1,0,0.82,0.0
480,random,simple,A,0.8,0.7202788326569696,1423.9816565712604,1.0,1,0,0.84,0.0
481,random,hard,C,0.75,0.3210658623034888,562.0704082640467,0.35,1,0,0.84,0.0
482,random,simple,D,0.85,0.9814719999999999,754.4115854676842,0.22,1,0,0.86,0.0
483,random,simple,B,0.95,0.6413004599411478,435.9202810834048,0.1,1,0,0.88,0.0
484,random,simple,A,0.8,0.7319478738506011,1315.351786541757,1.0,1,0,0.88,0.0
485,random,simple,D,0.85,0.9688456867839998,754.3613528487502,0.22,0,0,0.86,0.0
486,random,simple,A,0.8,0.8668204335099055,1365.9997743307151,1.0,1,0,0.86,0.0
487,random,simple,B,0.95,0.6845849101925723,515.1420550235207,0.1,1,0,0.86,0.0
488,random,simple,A,0.8,0.9712657437100707,1852.5525669430995,1.0,1,0,0.86,0.0
489,random,simple,B,0.95,0.830142554453128,579.9644766857734,0.1,1,0,0.86,0.0
490,random,simple,D,0.85,0.8112907913699325,592.2100783224196,0.22,1,0,0.88,0.0
491,random,simple,D,0.85,1.0,799.3684604280293,0.22,1,0,0.9,0.0
492,random,simple,A,0.8,0.8824635598298787,1487.7263210840633,1.0,1,0,0.9,0.0
493,random,hard,C,0.75,0.3692446456178781,596.3847028179538,0.35,1,0,0.9,0.0
494,random,simple,B,0.95,0.7380927214787976,586.4649512347767,0.1,1,0,0.9,0.0
495,random,simple,D,0.85,0.8996953599999999,667.0235776338038,0.22,1,0,0.9,0.0
496,random,simple,B,0.95,0.8715790035131807,667.7991088696881,0.1,1,0,0.9,0.0
497,random,hard,A,0.95,0.7657041859351733,1535.198493838416,1.0,1,0,0.9,0.0
498,random,simple,B,0.95,0.9749507803206072,701.0845806504956,0.1,1,0,0.9,0.0
499,random,hard,C,0.75,0.4714787224480524,724.2169516472904,0.35,0,0,0.88,0.0
500,random,simple,A,0.8,0.8218059629976144,1522.2237869792511,1.0,1,1,0.88,0.0
501,random,hard,A,0.95,1.0,1537.97231104395,1.0,0,0,0.86,0.0
502,random,simple,D,0.85,0.6676835377992498,657.8816160741761,0.22,1,0,0.86,0.0
503,random,simple,A,0.8,1.0,1928.4142815752155,1.0,1,0,0.86,0.0
504,random,hard,C,0.75,0.5488143699279259,756.821595883689,0.35,0,0,0.84,0.0
505,random,simple,B,0.95,0.698438591578843,435.15947081544664,0.1,1,0,0.86,0.0
506,random,hard,A,0.95,0.9814719999999999,1414.5403814286547,1.0,0,0,0.84,0.0
507,random,simple,A,0.8,1.0,1781.414547273906,1.0,1,0,0.84,0.0
508,random,hard,E,0.9,0.3021050638203231,648.0790139096338,0.6,1,0,0.84,0.0
509,random,simple,B,0.95,0.7188503826147672,558.4681793587923,0.1,1,0,0.84,0.0
510,random,simple,A,0.8,0.9814719999999999,1480.878354278232,1.0,1,0,0.84,0.0
511,random,simple,A,0.8,1.0,1806.6569310135606,1.0,1,0,0.84,0.0
512,random,simple,D,0.85,0.4859505169425016,453.0786047160196,0.22,1,0,0.84,0.0
513,random,simple,A,0.8,1.0,1896.4464873117622,1.0,1,0,0.84,0.0
514,random,simple,D,0.85,0.6763200803202731,678.1007656714776,0.22,1,0,0.84,0.0
515,random,simple,A,0.8,1.0,1870.2454034888806,1.0,1,0,0.86,0.0
516,random,simple,B,0.95,0.5937766088158352,498.9981568940474,0.1,1,0,0.86,0.0
517,random,hard,C,0.75,0.40415981795463496,642.5938717266545,0.35,0,0,0.86,0.0
518,random,hard,A,0.95,0.9814719999999999,1783.3230669723355,1.0,0,0,0.84,0.0
519,random,simple,D,0.85,0.6569156923577477,582.5843640222497,0.22,1,0,0.86,0.0
520,random,simple,A,0.8,1.0,1787.4914989332683,1.0,1,0,0.86,0.0
521,random,simple,A,0.8,1.0,1682.8835660963323,1.0,1,0,0.86,0.0
522,random,simple,B,0.95,0.5757522837708183,489.46743883829885,0.1,1,0,0.86,0.0
523,random,simple,A,0.8,1.0,1512.2900598360889,1.0,1,0,0.86,0.0
524,random,simple,D,0.85,0.6466753775039533,582.0900795818105,0.22,0,0,0.84,0.0
525,random,simple,B,0.95,0.6923590603258671,482.32540430169286,0.1,1,0,0.84,0.0
526,random,simple,A,0.8,0.9814719999999999,1769.2449017715887,1.0,1,0,0.84,0.0
527,random,hard,C,0.75,0.4125589037641481,684.691946996628,0.35,0,0,0.82,0.0
528,random,hard,C,0.75,0.6630518353124504,810.1456092771314,0.35,1,0,0.82,0.0
529,random,hard,C,0.75,0.8834856150749564,956.0719085493312,0.35,1,0,0.82,0.0
530,random,hard,E,0.9,0.3181458280920313,798.9364924543911,0.6,0,0,0.8,0.0
531,random,simple,B,0.95,0.6215343771372627,464.6662060406067,0.1,1,0,0.8,0.0
532,random,simple,D,0.85,0.5325667920920707,584.0861293761855,0.22,1,0,0.8,0.0
533,random,simple,B,0.95,0.7813162216550962,482.6125838016476,0.1,1,0,0.8,0.0
534,random,simple,D,0.85,0.7124197237960995,649.8493713282755,0.22,0,0,0.78,0.0
535,random,simple,D,0.85,0.9269293569405677,695.43751433638,0.22,1,0,0.8,0.0
536,random,hard,E,0.9,0.4477482227592192,985.8422205252799,0.6,0,0,0.78,0.0
537,random,simple,B,0.95,0.7685517128192927,501.41266012442867,0.1,1,0,0.78,0.0
538,random,simple,A,0.8,0.5116752006466169,1156.4745109513947,1.0,1,0,0.78,0.0
539,random,hard,E,0.9,0.6051278768601707,1033.3601733930652,0.6,0,0,0.76,0.0
540,random,simple,A,0.8,0.6962412753807401,1433.1831838974572,1.0,1,0,0.76,0.0
541,random,simple,D,0.85,0.7304697815232648,644.4860280276263,0.22,1,0,0.76,0.0
542,random,hard,A,0.95,0.8391692436548452,1318.1472409902556,1.0,0,0,0.74,0.0
543,random,hard,A,0.95,1.0,1764.7988044970923,1.0,0,0,0.72,0.0
544,random,simple,A,0.8,1.0,2031.3391028498272,1.0,1,0,0.72,0.0
545,random,simple,B,0.95,0.5763977300282421,435.30061631683066,0.1,1,0,0.72,0.0
546,random,simple,A,0.8,1.0,1708.7346688560779,1.0,1,0,0.72,0.0
547,random,simple,B,0.95,0.7463624021338706,509.44882968645356,0.1,1,0,0.72,0.0
548,random,simple,A,0.8,1.0,1405.168418759025,1.0,1,0,0.72,0.0
549,random,hard,A,0.95,1.0,1742.8492438240519,1.0,0,0,0.72,0.0
550,random,simple,B,0.95,0.8086250789069731,573.6981941192075,0.1,1,0,0.72,0.0
551,random,simple,A,0.8,1.0,1811.7242520892228,1.0,1,0,0.74,0.0
552,random,hard,C,0.75,0.34669828616368825,597.2311222290621,0.35,1,0,0.74,0.0
553,random,simple,A,0.8,1.0,1387.378139748732,1.0,1,0,0.74,0.0
554,random,simple,B,0.95,0.7849287078001456,579.6051356076351,0.1,1,0,0.76,0.0
555,random,simple,B,0.95,0.990737262864128,690.4991466915947,0.1,0,0,0.74,0.0
556,random,hard,C,0.75,0.507913353532316,688.9017101061243,0.35,1,0,0.76,0.0
557,random,simple,A,0.8,0.8996953599999999,1593.1248420068314,1.0,1,0,0.76,0.0
558,random,simple,A,0.8,1.0,1721.9174978407173,1.0,1,0,0.76,0.0
559,random,simple,A,0.8,1.0,1751.164333680515,1.0,1,0,0.76,0.0
560,random,simple,D,0.85,0.36438326923093456,439.2627313688589,0.22,1,0,0.76,0.0
561,random,simple,B,0.95,0.7601024338032951,533.3049292315278,0.1,1,0,0.76,0.0
562,random,simple,A,0.8,0.9814719999999999,1382.450034993439,1.0,0,0,0.74,0.0
563,random,simple,B,0.95,0.8886233247372717,636.9829392022767,0.1,1,0,0.74,0.0
564,random,simple,A,0.8,1.0,1636.0353677338417,1.0,1,0,0.74,0.0
565,random,simple,D,0.85,0.4922966811210916,562.7576711946651,0.22,1,0,0.74,0.0
566,random,hard,A,0.95,1.0,1595.639594127552,1.0,0,0,0.72,0.0
567,random,simple,A,0.8,1.0,1679.4181118572549,1.0,1,0,0.74,0.0
568,random,simple,B,0.95,0.7689548904767893,517.2303255357913,0.1,1,0,0.76,0.0
569,random,simple,A,0.8,1.0,1530.1083886795022,1.0,1,0,0.76,0.0
570,random,simple,D,0.85,0.559800671162312,590.222932842018,0.22,1,0,0.76,0.0
571,random,simple,D,0.85,0.7926245906228346,585.1056020024951,0.22,1,0,0.76,0.0
572,random,simple,D,0.85,0.9975096397480945,702.3608798184258,0.22,1,0,0.76,0.0
573,random,simple,A,0.8,0.8996953599999999,1318.102460325356,1.0,1,0,0.76,0.0
574,random,simple,A,0.8,1.0,1689.3761183645095,1.0,1,0,0.78,0.0
575,random,simple,D,0.85,0.9797748892184135,715.6193861238111,0.22,1,0,0.78,0.0
576,random,simple,A,0.8,1.0,1923.314592734455,1.0,1,0,0.78,0.0
577,random,simple,A,0.8,1.0,1758.6345274145579,1.0,1,0,0.8,0.0
578,random,simple,D,0.85,0.9676891533054506,785.8607259969865,0.22,1,0,0.8,0.0
579,random,simple,D,0.85,1.0,807.4141297424366,0.22,1,0,0.8,0.0
580,random,simple,A,0.8,0.9814719999999999,1611.945038751631,1.0,0,0,0.8,0.0
581,random,simple,B,0.95,0.44594042320339966,366.25050095599465,0.1,1,0,0.8,0.0
582,random,simple,D,0.85,0.9814719999999999,679.131750056318,0.22,1,0,0.8,0.0
583,random,hard,C,0.75,0.31609984811912417,545.8093505069909,0.35,1,0,0.8,0.0
584,random,simple,A,0.8,0.8885842043699199,1756.243177371386,1.0,1,0,0.82,0.0
585,random,simple,D,0.85,0.9688456867839998,774.6102029050281,0.22,1,0,0.82,0.0
586,random,simple,A,0.8,0.9881196078640659,1516.861399594096,1.0,1,0,0.84,0.0
587,random,simple,D,0.85,1.0,945.1611194318393,0.22,1,0,0.84,0.0
588,random,simple,B,0.95,0.4822449683981038,432.47925362542804,0.1,1,0,0.84,0.0
589,random,hard,A,0.95,0.9733758454103407,1604.5146580855564,1.0,1,0,0.86,0.0
590,random,simple,B,0.95,0.6734505035274916,527.5235687143371,0.1,0,0,0.84,0.0
591,random,hard,A,0.95,1.0,1933.7449882301592,1.0,0,0,0.82,0.0
592,random,simple,B,0.95,0.8215200699316896,587.6142276055652,0.1,1,0,0.84,0.0
593,random,simple,A,0.8,1.0,1710.4771211136188,1.0,1,0,0.86,0.0
594,random,simple,A,0.8,1.0,1950.6965112663593,1.0,1,0,0.86,0.0
595,random,simple,D,0.85,0.6596345248055295,643.4353840805608,0.22,0,0,0.84,0.0
596,random,simple,B,0.95,0.7926617740849098,572.2828411757124,0.1,1,0,0.84,0.0
597,random,simple,D,0.85,0.8108209760094021,698.7832341841637,0.22,1,0,0.84,0.0
598,random,hard,E,0.9,0.30032086682520853,807.1478785463214,0.6,0,0,0.82,0.0
599,random,simple,A,0.8,0.8277319167999999,1570.6375438040802,1.0,1,0,0.84,0.0
600,random,hard,E,0.9,0.5325684792694415,1123.7838729188563,0.6,0,0,0.82,0.0
601,random,simple,A,0.8,0.9409955963699199,1454.225483257623,1.0,1,0,0.82,0.0
602,random,simple,B,0.95,0.6681153673224878,544.1028335224387,0.1,1,0,0.82,0.0
603,random,simple,B,0.95,0.8879415232437893,601.617942379,0.1,0,0,0.8,0.0
604,random,simple,A,0.8,0.9412621510494019,1519.2669408503293,1.0,1,0,0.8,0.0
605,random,simple,A,0.8,1.0,1850.042861922601,1.0,1,0,0.82,0.0
606,random,simple,B,0.95,0.9051072857279916,632.7602200925609,0.1,1,0,0.82,0.0
607,random,simple,A,0.8,1.0,1754.2627998628532,1.0,1,0,0.82,0.0
608,random,hard,A,0.95,1.0,1670.157698744838,1.0,1,0,0.82,0.0
609,random,simple,A,0.8,1.0,2111.723721588222,1.0,1,0,0.82,0.0
610,random,simple,D,0.85,0.4538862134131618,536.3380952092834,0.22,1,0,0.82,0.0
611,random,simple,B,0.95,0.7776540028068784,564.5754689141557,0.1,1,0,0.82,0.0
612,random,simple,B,0.95,0.984335522470053,655.8885169657825,0.1,1,0,0.84,0.0
613,random,simple,D,0.85,0.6093107456270943,630.475108327278,0.22,1,0,0.84,0.0
614,random,simple,A,0.8,0.8277319167999999,1476.5809375226831,1.0,1,0,0.84,0.0
615,random,simple,A,0.8,1.0,1495.5788843499877,1.0,1,0,0.84,0.0
616,random,simple,D,0.85,0.7152282124439873,619.48974240601,0.22,1,0,0.86,0.0
617,random,simple,D,0.85,0.9294008269507088,773.9834201616975,0.22,1,0,0.86,0.0
618,random,simple,A,0.8,0.9814719999999999,1462.8576716696814,1.0,1,0,0.86,0.0
619,random,simple,D,0.85,1.0,690.1077401398016,0.22,1,0,0.86,0.0
620,random,simple,B,0.95,0.6540010378727202,509.82855184342003,0.1,1,0,0.86,0.0
621,random,hard,A,0.95,0.9688456867839998,1770.266949427308,1.0,0,0,0.84,0.0
622,random,hard,A,0.95,1.0,1884.062884210007,1.0,1,0,0.84,0.0
623,random,hard,C,0.75,0.3019016525633818,551.0842622739469,0.35,0,0,0.82,0.0
624,random,simple,A,0.8,1.0,1724.1269527955678,1.0,1,0,0.82,0.0
625,random,simple,A,0.8,1.0,1837.8353348489215,1.0,1,0,0.82,0.0
626,random,hard,A,0.95,1.0,1863.9415908683322,1.0,0,0,0.8,0.0
627,random,simple,A,0.8,1.0,1844.6220590585385,1.0,1,0,0.8,0.0
628,random,simple,B,0.95,0.5352013524776789,404.5468523381202,0.1,1,0,0.8,0.0
629,random,simple,B,0.95,0.7709771901803574,607.5898891929598,0.1,1,0,0.8,0.0
630,random,simple,D,0.85,0.5450808588882738,544.9948510613056,0.22,1,0,0.82,0.0
631,random,simple,B,0.95,0.8970447360756688,526.9393307224174,0.1,1,0,0.82,0.0
632,random,simple,B,0.95,1.0,736.4277450825357,0.1,1,0,0.82,0.0
633,random,hard,C,0.75,0.38407990489775323,638.4739642540068,0.35,0,0,0.8,0.0
634,random,hard,E,0.9,0.3068990026490946,725.6118963506618,0.6,0,0,0.78,0.0
635,random,simple,D,0.85,0.587656566472099,508.3157814327935,0.22,1,0,0.78,0.0
636,random,hard,A,0.95,0.6164783818288659,1416.2387231417638,1.0,1,0,0.78,0.0
637,random,hard,A,0.95,0.842500976009402,1363.0843156128794,1.0,1,0,0.78,0.0
638,random,simple,D,0.85,0.7004714956668742,719.7168440569914,0.22,0,0,0.76,0.0
639,random,simple,A,0.8,0.952432755821681,1561.0803484854132,1.0,1,0,0.76,0.0
640,random,simple,A,0.8,1.0,1660.3516310515647,1.0,1,0,0.78,0.0
641,random,simple,B,0.95,0.6164783818288659,451.4314715349019,0.1,1,0,0.8,0.0
642,random,simple,D,0.85,0.7200695057636846,612.623854084668,0.22,1,0,0.8,0.0
643,random,hard,A,0.95,0.9814719999999999,1666.1629161069104,1.0,0,0,0.78,0.0
644,random,simple,A,0.8,1.0,1656.8325996405124,1.0,1,0,0.78,0.0
645,random,simple,B,0.95,0.6696992251230792,501.9040003213574,0.1,1,0,0.8,0.0
646,random,simple,D,0.85,0.7318223414839748,718.0085369075025,0.22,1,0,0.8,0.0
647,random,simple,D,0.85,0.9440036605058979,731.9986655233507,0.22,1,0,0.8,0.0
648,random,simple,B,0.95,0.756381270343075,583.9468853577672,0.1,1,0,0.82,0.0
649,random,simple,D,0.85,1.0,750.4988360619881,0.22,1,0,0.82,0.0
650,random,hard,E,0.9,0.3396933936761457,911.1114354447088,0.6,1,0,0.84,0.0
651,random,hard,C,0.75,0.33846889256735524,593.508749682269,0.35,1,0,0.84,0.0
652,random,simple,D,0.85,0.9814719999999999,721.932390505203,0.22,1,0,0.84,0.0
653,random,simple,B,0.95,0.69916653762977,556.0286273011119,0.1,1,0,0.86,0.0
654,random,simple,A,0.8,0.5785009760094021,1123.132343829683,1.0,1,0,0.86,0.0
655,random,simple,D,0.85,0.9688456867839998,750.4329887307606,0.22,1,0,0.86,0.0
656,random,hard,A,0.95,0.747991155821681,1253.528459531708,1.0,0,0,0.84,0.0
657,random,simple,A,0.8,0.9582322171230793,1745.4233891879,1.0,1,0,0.84,0.0
658,random,hard,C,0.75,0.4383239765226303,648.564479008799,0.35,1,0,0.84,0.0
659,random,hard,C,0.75,0.6857250993399147,710.1900794977327,0.35,1,0,0.84,0.0
660,random,simple,D,0.85,0.8112907913699325,620.6909611020596,0.22,1,0,0.84,0.0
661,random,simple,B,0.95,0.5514444255204098,459.63028985871523,0.1,1,0,0.84,0.0
662,random,simple,A,0.8,0.8056897246818764,1627.1303656665891,1.0,1,0,0.84,0.0
663,random,hard,C,0.75,0.7112261603096859,837.0407988562105,0.35,1,0,0.84,0.0
664,random,simple,D,0.85,0.7865273231952766,651.916044648459,0.22,1,0,0.84,0.0
665,random,simple,A,0.8,0.8490549880584075,1372.0437126642366,1.0,1,0,0.84,0.0
666,random,simple,D,0.85,0.9090867590824221,754.0467937328584,0.22,0,0,0.82,0.0
667,random,simple,A,0.8,0.9575081827524308,1676.7608936753727,1.0,1,0,0.82,0.0
668,random,simple,B,0.95,0.5253618794644215,401.0419565904365,0.1,1,0,0.82,0.0
669,random,simple,B,0.95,0.7623184539286909,563.0697166519095,0.1,1,0,0.82,0.0
670,random,simple,B,0.95,0.970840239457248,720.5841630300919,0.1,1,0,0.82,0.0
671,random,simple,B,0.95,1.0,729.0528602118234,0.1,1,0,0.84,0.0
672,random,simple,B,0.95,1.0,818.365279757373,0.1,1,0,0.84,0.0
673,random,simple,B,0.95,1.0,702.4798469050446,0.1,1,0,0.86,0.0
674,random,simple,D,0.85,0.626938984609606,584.5109916566297,0.22,1,0,0.86,0.0
675,random,simple,A,0.8,0.6443530003015767,1357.2350609747864,1.0,1,0,0.86,0.0
676,random,simple,D,0.85,0.7855015496816788,722.7159537638112,0.22,1,0,0.88,0.0
677,random,simple,D,0.85,0.9912413637198774,708.9854330772629,0.22,1,0,0.88,0.0
678,random,simple,B,0.95,0.8277319167999999,612.2560622424658,0.1,1,0,0.88,0.0
679,random,simple,A,0.8,0.6864155044829341,1355.7003885097124,1.0,0,0,0.86,0.0
680,random,simple,D,0.85,0.9755032346169121,764.7557338085115,0.22,1,0,0.86,0.0
681,random,hard,C,0.75,0.37123539243566905,616.4165055620285,0.35,1,0,0.86,0.0
682,random,hard,A,0.95,0.7677729466709942,1398.7952358244477,1.0,0,0,0.84,0.0
683,random,hard,A,0.95,0.9756401930704748,1725.273825160688,1.0,0,0,0.84,0.0
684,random,hard,C,0.75,0.5529865253539202,691.0223978173736,0.35,1,0,0.86,0.0
685,random,simple,B,0.95,0.638273834732657,498.71746417004226,0.1,1,0,0.86,0.0
686,random,simple,D,0.85,0.7530276888271052,698.7471714273879,0.22,1,0,0.86,0.0
687,random,simple,D,0.85,0.9626643661678527,811.858041332307,0.22,1,0,0.86,0.0
688,random,simple,A,0.8,0.8148764691962038,1349.6704638595238,1.0,1,0,0.88,0.0
689,random,simple,B,0.95,0.6827698570985812,551.8736777806212,0.1,1,0,0.88,0.0
690,random,simple,A,0.8,0.9310403377455403,1475.3734528682232,1.0,1,0,0.88,0.0
691,random,simple,A,0.8,1.0,1844.2055030433935,1.0,1,0,0.88,0.0
692,random,simple,D,0.85,0.8080287111928179,660.2455946759077,0.22,1,0,0.88,0.0
693,random,simple,D,0.85,1.0,809.9441288700122,0.22,1,0,0.9,0.0
694,random,simple,B,0.95,0.6603194454198964,467.2094654393399,0.1,1,0,0.9,0.0
695,random,simple,A,0.8,0.8996953599999999,1460.6034448116632,1.0,1,0,0.9,0.0
696,random,simple,A,0.8,1.0,1664.5705158243138,1.0,1,0,0.9,0.0
697,random,simple,D,0.85,0.8996953599999999,746.2846868941951,0.22,1,0,0.9,0.0
698,random,simple,B,0.95,0.6959905075360852,575.3862829867588,0.1,0,0,0.88,0.0
699,random,simple,A,0.8,0.9814719999999999,1481.4547639071855,1.0,1,0,0.88,0.0
700,random,simple,B,0.95,0.8389750490359442,575.5827509883835,0.1,1,0,0.88,0.0
701,random,simple,D,0.85,0.8395431328055296,706.2363425352859,0.22,1,0,0.88,0.0
702,random,simple,A,0.8,0.9688456867839998,1544.656539763791,1.0,1,0,0.88,0.0
703,random,hard,E,0.9,0.30038785440191884,737.7796784968366,0.6,0,0,0.86,0.0
704,random,hard,E,0.9,0.5643413118736886,897.0019549701992,0.6,1,0,0.86,0.0
705,random,simple,B,0.95,0.7427539107751129,486.04969721570427,0.1,1,0,0.86,0.0
706,random,simple,A,0.8,0.881012262920378,1596.0278864545473,1.0,1,0,0.88,0.0
707,random,simple,D,0.85,0.6898872619063304,739.9448842042693,0.22,1,0,0.88,0.0
708,random,simple,B,0.95,0.8061659930837377,595.5426376174026,0.1,0,0,0.86,0.0
709,random,hard,A,0.95,0.9003851888368759,1617.321516930863,1.0,0,0,0.84,0.0
710,random,simple,D,0.85,0.7701388521458308,691.4374731950553,0.22,1,0,0.84,0.0
711,random,simple,B,0.95,0.849379551638761,575.9023393202933,0.1,0,0,0.82,0.0
712,random,simple,D,0.85,0.8963955271017314,721.6470339308177,0.22,0,0,0.8,0.0
713,random,simple,A,0.8,0.8399568199581982,1524.9775294375534,1.0,1,0,0.8,0.0
714,random,simple,A,0.8,1.0,1530.4705874565086,1.0,1,0,0.8,0.0
715,random,hard,A,0.95,1.0,1757.6312144256367,1.0,0,0,0.78,0.0
716,random,hard,C,0.75,0.30925039031139445,568.6975762949055,0.35,1,0,0.8,0.0
717,random,simple,B,0.95,0.6944553350118022,507.0659559943531,0.1,1,0,0.8,0.0
718,random,simple,D,0.85,0.7162897461609419,609.882840040098,0.22,1,0,0.8,0.0
719,random,simple,B,0.95,0.8377862114331396,619.9893678440712,0.1,1,0,0.8,0.0
720,random,hard,C,0.75,0.4854560241479322,626.0765742582378,0.35,1,0,0.8,0.0
721,random,simple,D,0.85,0.7881314058957893,832.1616977407624,0.22,1,0,0.8,0.0
722,random,simple,B,0.95,0.8709278450777647,631.7444637324835,0.1,1,0,0.8,0.0
723,random,simple,A,0.8,0.6596345248055295,1318.4731946397403,1.0,1,0,0.8,0.0
724,random,simple,B,0.95,0.9744465232282209,634.7728279418795,0.1,1,0,0.8,0.0
725,random,simple,D,0.85,0.7726387471859815,656.3138499305962,0.22,0,0,0.78,0.0
726,random,simple,B,0.95,1.0,722.2871281307966,0.1,1,0,0.78,0.0
727,random,simple,B,0.95,1.0,677.3258174834443,0.1,1,0,0.78,0.0
728,random,hard,E,0.9,0.3262497985604405,805.7381948401415,0.6,0,0,0.76,0.0
729,random,simple,A,0.8,0.6063369691035098,1357.587088301249,1.0,1,0,0.78,0.0
730,random,simple,B,0.95,0.9814719999999999,749.6218811129814,0.1,1,0,0.78,0.0
731,random,simple,A,0.8,0.769547348873758,1391.0373619702011,1.0,1,0,0.78,0.0
732,random,simple,D,0.85,0.6157586007847389,602.2096615789493,0.22,1,0,0.8,0.0
733,random,hard,A,0.95,0.8959374669678382,1449.2352327542392,1.0,0,0,0.8,0.0
734,random,simple,D,0.85,0.7768434604477017,707.3447230596806,0.22,1,0,0.8,0.0
735,random,simple,A,0.8,0.9938139744198939,1578.5302172509676,1.0,1,0,0.8,0.0
736,random,simple,D,0.85,0.9015875757707001,716.0279666978073,0.22,1,0,0.8,0.0
737,random,hard,A,0.95,1.0,1619.908589132856,1.0,0,0,0.78,0.0
738,random,simple,D,0.85,0.9981894186768301,854.8234013365025,0.22,1,0,0.78,0.0
739,random,simple,D,0.85,1.0,770.4119785561292,0.22,1,0,0.78,0.0
740,random,simple,A,0.8,0.9814719999999999,1439.7965928745475,1.0,1,0,0.78,0.0
741,random,simple,A,0.8,1.0,1912.6830520796561,1.0,1,0,0.78,0.0
742,random,simple,B,0.95,0.5116752006466169,473.47460339425425,0.1,1,0,0.78,0.0
743,random,simple,A,0.8,1.0,1498.1725063560784,1.0,1,0,0.78,0.0
744,random,simple,B,0.95,0.6962412753807401,557.7592885415804,0.1,1,0,0.78,0.0
745,random,simple,B,0.95,0.9126923223350514,495.53894432244255,0.1,1,0,0.78,0.0
746,random,simple,B,0.95,1.0,738.6174115699624,0.1,0,0,0.76,0.0
747,random,simple,B,0.95,1.0,641.9170154324304,0.1,1,0,0.76,0.0
748,random,simple,A,0.8,0.8277319167999999,1366.9601176397784,1.0,1,0,0.78,0.0
749,random,simple,A,0.8,1.0,1701.8078443619013,1.0,1,0,0.78,0.0
750,random,simple,A,0.8,1.0,1874.8945353504712,1.0,1,0,0.78,0.0
751,random,simple,A,0.8,1.0,1852.0800514845166,1.0,1,0,0.78,0.0
752,random,simple,A,0.8,1.0,1624.9837507751258,1.0,1,0,0.78,0.0
753,random,simple,B,0.95,0.764404086784,520.3691681427174,0.1,1,0,0.8,0.0
754,random,simple,B,0.95,0.9726755963699198,659.1819340010358,0.1,1,0,0.8,0.0
755,random,simple,D,0.85,0.4293369914320991,554.7309998516208,0.22,1,0,0.8,0.0
756,random,simple,D,0.85,0.6778165524602472,558.5402924525591,0.22,1,0,0.8,0.0
757,random,simple,D,0.85,0.8964785661650174,752.6156585620915,0.22,1,0,0.8,0.0
758,random,hard,E,0.9,0.30704742425313547,827.8552891465624,0.6,0,0,0.8,0.0
759,random,simple,B,0.95,0.813311956896881,596.5932365215434,0.1,1,0,0.82,0.0
760,random,simple,A,0.8,0.6596345248055295,1288.9717527805715,1.0,1,0,0.82,0.0
761,random,simple,A,0.8,0.880478381828866,1341.7937011630677,1.0,1,0,0.84,0.0
762,random,simple,B,0.95,0.8542493258904313,538.3010615055207,0.1,1,0,0.86,0.0
763,random,simple,B,0.95,1.0,567.9422001991742,0.1,1,0,0.86,0.0
764,random,simple,D,0.85,0.6663689126603393,574.1936227590631,0.22,1,0,0.86,0.0
765,random,simple,A,0.8,0.8280188001630793,1439.2404050760522,1.0,1,0,0.88,0.0
766,random,simple,B,0.95,0.9814719999999999,651.1674807554227,0.1,1,0,0.88,0.0
767,random,simple,B,0.95,1.0,710.9019333638229,0.1,1,0,0.88,0.0
768,random,hard,A,0.95,0.864271627784734,1740.341849732371,1.0,0,0,0.86,0.0
769,random,simple,B,0.95,1.0,743.0023589776874,0.1,1,0,0.86,0.0
770,random,simple,A,0.8,0.9692919485564979,1736.9012559174191,1.0,1,0,0.86,0.0
771,random,simple,A,0.8,1.0,1715.140657810472,1.0,1,0,0.86,0.0
772,random,hard,E,0.9,0.35128175371884796,829.4137760270878,0.6,1,0,0.86,0.0
773,random,simple,A,0.8,1.0,1666.5793465719967,1.0,1,0,0.86,0.0
774,random,simple,B,0.95,0.8277319167999999,532.7933637612507,0.1,0,0,0.84,0.0
775,random,hard,E,0.9,0.5393886792702908,954.9721872961674,0.6,0,0,0.84,0.0
776,random,simple,A,0.8,0.9814719999999999,1824.7061435168446,1.0,1,0,0.84,0.0
777,random,simple,A,0.8,1.0,1861.4429730176166,1.0,1,0,0.84,0.0
778,random,simple,B,0.95,0.796386989828866,582.4683242674338,0.1,1,0,0.86,0.0
779,random,hard,A,0.95,1.0,1386.1548948664213,1.0,0,0,0.84,0.0
780,random,simple,D,0.85,0.3861861503473675,478.715400061261,0.22,1,0,0.84,0.0
781,random,simple,B,0.95,0.8427154347326571,639.8079106811177,0.1,1,0,0.84,0.0
782,random,simple,D,0.85,0.5990625548290014,590.2575364952054,0.22,1,0,0.84,0.0
783,random,simple,B,0.95,0.9525988326569697,606.5036053271373,0.1,1,0,0.86,0.0
784,random,simple,A,0.8,0.8277319167999999,1409.9075840106088,1.0,1,0,0.86,0.0
785,random,simple,A,0.8,1.0,1714.9595612762755,1.0,0,0,0.84,0.0
786,random,simple,B,0.95,0.9491694316884105,608.0615965491698,0.1,1,0,0.84,0.0
787,random,simple,D,0.85,0.6161444303430139,584.7409986633496,0.22,1,0,0.86,0.0
788,random,simple,A,0.8,0.9814719999999999,1824.475022659267,1.0,1,0,0.86,0.0
789,random,simple,A,0.8,1.0,1727.7419742144914,1.0,1,0,0.86,0.0
790,random,simple,B,0.95,0.8692125040373768,588.2559080954426,0.1,1,0,0.86,0.0
791,random,simple,D,0.85,0.6694989559665486,587.4188127560413,0.22,1,0,0.86,0.0
792,random,simple,B,0.95,0.9731181631265446,693.714932851251,0.1,1,0,0.86,0.0
793,random,simple,D,0.85,0.8184599915004953,594.0380378734018,0.22,1,0,0.86,0.0
794,random,simple,D,0.85,1.0,885.8155573713493,0.22,1,0,0.86,0.0
795,random,simple,D,0.85,1.0,858.1931663170853,0.22,1,0,0.86,0.0
796,random,simple,D,0.85,1.0,852.1514204711829,0.22,0,0,0.86,0.0
797,random,simple,A,0.8,0.6596345248055295,1287.4269774693898,1.0,1,0,0.86,0.0
798,random,simple,D,0.85,1.0,724.3857843244816,0.22,1,0,0.86,0.0
799,random,simple,D,0.85,1.0,813.6450213313025,0.22,1,0,0.86,0.0
800,random,simple,D,0.85,1.0,990.7042441194696,0.22,0,0,0.84,0.0
801,random,simple,B,0.95,0.6079708615945674,474.8833457439133,0.1,1,0,0.84,0.0
802,random,simple,A,0.8,0.6481101921630792,1360.5682849844252,1.0,1,0,0.84,0.0
803,random,simple,B,0.95,0.7708126352188329,618.1061705588045,0.1,1,0,0.84,0.0
804,random,simple,B,0.95,0.978315118992573,624.9637543519776,0.1,1,0,0.84,0.0
805,random,hard,A,0.95,0.741668948873758,1364.967099443131,1.0,1,0,0.84,0.0
806,random,simple,D,0.85,0.764404086784,644.5590774085457,0.22,1,0,0.84,0.0
807,random,simple,D,0.85,0.9726755963699198,739.044122474553,0.22,1,0,0.84,0.0
808,random,simple,B,0.95,0.8866910374776937,602.7172965113815,0.1,1,0,0.86,0.0
809,random,simple,D,0.85,1.0,870.9525395483672,0.22,0,0,0.84,0.0
810,random,simple,B,0.95,0.986653539422726,643.6240474701862,0.1,1,0,0.84,0.0
811,random,simple,B,0.95,1.0,767.0040287740987,0.1,1,0,0.84,0.0
812,random,hard,A,0.95,0.6031019999900348,1123.054984623934,1.0,0,0,0.82,0.0
813,random,simple,D,0.85,0.8996953599999999,653.4112179628864,0.22,1,0,0.82,0.0
814,random,simple,B,0.95,0.9814719999999999,685.5304265005464,0.1,1,0,0.82,0.0
815,random,simple,B,0.95,1.0,752.0673135528274,0.1,1,0,0.82,0.0
816,random,simple,A,0.8,0.6616774710007438,1220.2107347189647,1.0,1,0,0.82,0.0
817,random,hard,E,0.9,0.3025128933527416,871.2068849505424,0.6,1,0,0.82,0.0
818,random,simple,B,0.95,0.9814719999999999,649.6771778674735,0.1,1,0,0.84,0.0
819,random,simple,A,0.8,0.7509146695178188,1418.2639623862915,1.0,1,0,0.84,0.0
820,random,simple,D,0.85,0.6676835377992498,668.5792610166926,0.22,1,0,0.84,0.0
821,random,simple,B,0.95,0.9688456867839998,677.8585108483148,0.1,1,0,0.84,0.0
822,random,simple,A,0.8,0.8117273216656471,1579.226436420934,1.0,1,0,0.84,0.0
823,random,simple,B,0.95,1.0,665.6222681482582,0.1,1,0,0.84,0.0
824,random,simple,D,0.85,0.7004067195665947,544.6201358883773,0.22,1,0,0.86,0.0
825,random,simple,D,0.85,0.9163579132186033,776.295062621639,0.22,1,0,0.88,0.0
826,random,hard,C,0.75,0.3000006328680085,535.0675287207434,0.35,0,0,0.86,0.0
827,random,simple,B,0.95,0.8996953599999999,579.7850859870728,0.1,1,0,0.86,0.0
828,random,simple,B,0.95,1.0,537.3010362725614,0.1,1,0,0.86,0.0
829,random,simple,A,0.8,0.6317331472714662,1192.6725668952129,1.0,1,0,0.88,0.0
830,random,simple,A,0.8,0.8559251695988903,1696.1688426596434,1.0,1,0,0.88,0.0
831,random,simple,D,0.85,0.7255603598555773,595.9293520755904,0.22,1,0,0.88,0.0
832,random,simple,A,0.8,0.9628284513373806,1541.275141110183,1.0,0,0,0.86,0.0
833,random,simple,D,0.85,0.8618739426721591,624.0302611160223,0.22,1,0,0.86,0.0
834,random,simple,A,0.8,1.0,1519.8477316906046,1.0,1,0,0.86,0.0
835,random,simple,A,0.8,1.0,1769.1344351789403,1.0,1,0,0.88,0.0
836,random,simple,D,0.85,0.8873429594606816,789.4281791244716,0.22,1,0,0.88,0.0
837,random,hard,A,0.95,1.0,1991.9121660693004,1.0,1,0,0.88,0.0
838,random,simple,B,0.95,0.5785009760094021,484.5598914757616,0.1,1,0,0.88,0.0
839,random,simple,A,0.8,1.0,1963.721966223034,1.0,1,0,0.88,0.0
840,random,simple,A,0.8,1.0,1724.0860953803208,1.0,1,0,0.88,0.0
841,random,simple,D,0.85,0.7682792008551702,623.0193864563914,0.22,1,0,0.88,0.0
842,random,simple,D,0.85,0.9760856967525497,778.5382296213417,0.22,0,0,0.86,0.0
843,random,simple,A,0.8,0.9814719999999999,1451.5202022434369,1.0,1,0,0.86,0.0
844,random,simple,B,0.95,0.568658217467299,515.8987838534164,0.1,1,0,0.86,0.0
845,random,simple,B,0.95,0.8004192313712231,559.1060315663697,0.1,1,0,0.86,0.0
846,random,simple,D,0.85,0.8853540633048711,690.888651987527,0.22,1,0,0.88,0.0
847,random,simple,D,0.85,1.0,869.9521154832091,0.22,1,0,0.88,0.0
848,random,simple,B,0.95,0.8454632944410101,574.4201557853061,0.1,1,0,0.88,0.0
849,random,simple,D,0.85,1.0,767.7895881861016,0.22,0,0,0.86,0.0
850,random,simple,A,0.8,0.7011036549203781,1217.3113513029487,1.0,1,0,0.88,0.0
851,random,hard,E,0.9,0.30391881482638394,794.7575708145957,0.6,0,0,0.86,0.0
852,random,hard,A,0.95,0.8429346703703406,1351.8828112901451,1.0,0,0,0.84,0.0
853,random,simple,B,0.95,0.746177964959397,600.0615448533255,0.1,1,0,0.84,0.0
854,random,simple,B,0.95,0.9566366091642693,633.2400998498424,0.1,1,0,0.84,0.0
855,random,simple,D,0.85,0.764404086784,621.6442369172886,0.22,1,0,0.84,0.0
856,random,simple,D,0.85,0.9726755963699198,647.3819772776196,0.22,1,0,0.84,0.0
857,random,simple,A,0.8,0.744843529331716,1376.294762846021,1.0,1,0,0.84,0.0
858,random,hard,A,0.95,0.95546230581191,1648.4530858767632,1.0,0,0,0.82,0.0
859,random,simple,A,0.8,1.0,1599.1696620017065,1.0,1,0,0.84,0.0
860,random,simple,B,0.95,0.7442659508630748,572.1869193082285,0.1,1,0,0.84,0.0
861,random,simple,A,0.8,1.0,1729.075248164161,1.0,1,0,0.84,0.0
862,random,simple,B,0.95,0.8763595523483652,521.1066574093006,0.1,1,0,0.86,0.0
863,random,simple,A,0.8,1.0,1537.936444925247,1.0,1,0,0.86,0.0
864,random,hard,C,0.75,0.3023305783760509,589.9182240428759,0.35,1,0,0.86,0.0
865,random,simple,D,0.85,0.6078307987835795,648.282552432114,0.22,1,0,0.86,0.0
866,random,simple,D,0.85,0.83489110292955,598.3616839166489,0.22,0,0,0.84,0.0
867,random,simple,A,0.8,0.8996953599999999,1435.1540786280368,1.0,1,0,0.84,0.0
868,random,hard,C,0.75,0.48130624503823405,675.6380924509673,0.35,0,0,0.82,0.0
869,random,simple,D,0.85,0.8689549096956064,713.4136879202292,0.22,1,0,0.82,0.0
870,random,simple,A,0.8,0.9131171963699201,1586.7244710367243,1.0,1,0,0.82,0.0
871,random,simple,A,0.8,1.0,1934.2734791839262,1.0,1,0,0.82,0.0
872,random,hard,A,0.95,1.0,1948.876658512195,1.0,0,0,0.8,0.0
873,random,hard,E,0.9,0.31825477037039474,742.9628910170329,0.6,0,0,0.78,0.0
874,random,simple,B,0.95,0.48900547757034285,422.0750568076573,0.1,1,0,0.78,0.0
875,random,simple,B,0.95,0.7303248202619017,549.5322107533235,0.1,1,0,0.78,0.0
876,random,simple,B,0.95,0.9426858418304735,664.024560971603,0.1,1,0,0.8,0.0
877,random,simple,D,0.85,0.6125061860258114,626.7767278177179,0.22,1,0,0.8,0.0
878,random,hard,E,0.9,0.46795319999831225,994.4031163126918,0.6,1,0,0.8,0.0
879,random,simple,B,0.95,0.9424140060038966,590.6654770873104,0.1,1,0,0.8,0.0
880,random,simple,A,0.8,0.6596345248055295,1093.430730507829,1.0,1,0,0.8,0.0
881,random,simple,A,0.8,0.880478381828866,1338.861289507649,1.0,1,0,0.8,0.0
882,random,hard,A,0.95,1.0,1712.0482004633247,1.0,0,0,0.8,0.0
883,random,simple,B,0.95,0.8651613065995489,663.004425660702,0.1,1,0,0.8,0.0
884,random,simple,A,0.8,1.0,1787.9067540158655,1.0,1,0,0.8,0.0
885,random,simple,B,0.95,0.9699809158306907,580.0031451087098,0.1,1,0,0.8,0.0
886,random,hard,A,0.95,1.0,1729.87212831875,1.0,0,0,0.78,0.0
887,random,simple,D,0.85,0.4705835706199849,597.4646212081822,0.22,1,0,0.78,0.0
888,random,simple,D,0.85,0.7141135421455866,593.7016792588594,0.22,1,0,0.78,0.0
889,random,simple,A,0.8,0.9814719999999999,1761.0668418925507,1.0,1,0,0.78,0.0
890,random,simple,A,0.8,1.0,1780.0995998744067,1.0,1,0,0.78,0.0
891,random,simple,A,0.8,1.0,1884.5525061525311,1.0,1,0,0.78,0.0
892,random,simple,A,0.8,1.0,2121.3202449513456,1.0,1,0,0.8,0.0
893,random,simple,D,0.85,0.676860508409328,684.551913647097,0.22,1,0,0.8,0.0
894,random,hard,E,0.9,0.36052365901880506,909.6896106366895,0.6,0,0,0.78,0.0
895,random,simple,A,0.8,0.9814719999999999,1590.9749434325995,1.0,1,0,0.78,0.0
896,random,simple,B,0.95,0.5377237559570202,480.8407601737578,0.1,1,0,0.78,0.0
897,random,simple,A,0.8,1.0,1748.1245470489164,1.0,1,0,0.78,0.0
898,random,simple,D,0.85,0.6572008935090772,589.2906846489713,0.22,0,0,0.76,0.0
899,random,simple,A,0.8,1.0,1807.7730316252043,1.0,1,0,0.78,0.0
900,random,simple,A,0.8,1.0,1891.8234553633615,1.0,1,0,0.78,0.0
901,random,simple,A,0.8,1.0,1663.7909420067786,1.0,1,0,0.8,0.0
902,random,simple,A,0.8,1.0,1827.413204164325,1.0,1,0,0.82,0.0
903,random,simple,D,0.85,0.6468258872542179,581.1750784604989,0.22,1,0,0.82,0.0
904,random,simple,B,0.95,0.4933840274502475,418.42331755259846,0.1,1,0,0.82,0.0
905,random,simple,D,0.85,0.8009019670896662,607.5886609947399,0.22,0,0,0.8,0.0
906,random,simple,A,0.8,0.8996953599999999,1647.7114507506128,1.0,1,0,0.8,0.0
907,random,simple,B,0.95,0.6362273999545751,493.9873778767223,0.1,1,0,0.8,0.0
908,random,hard,A,0.95,0.9967240867839999,1618.0873289421781,1.0,0,0,0.8,0.0
909,random,simple,A,0.8,1.0,1937.6271623013001,1.0,1,0,0.8,0.0
910,random,simple,B,0.95,0.7335711587018442,559.6914852180377,0.1,1,0,0.8,0.0
911,random,simple,A,0.8,1.0,1952.7434639165326,1.0,1,0,0.8,0.0
912,random,simple,A,0.8,1.0,1844.5789986658485,1.0,1,0,0.8,0.0
913,random,simple,B,0.95,0.7999082046628632,599.0290328022182,0.1,1,0,0.8,0.0
914,random,simple,B,0.95,1.0,697.9574587566534,0.1,1,0,0.8,0.0
915,random,simple,B,0.95,1.0,668.5561418454542,0.1,1,0,0.8,0.0
916,random,simple,D,0.85,0.4962857419796435,537.9807836234173,0.22,1,0,0.82,0.0
917,random,simple,B,0.95,1.0,638.4666542715747,0.1,1,0,0.82,0.0
918,random,simple,D,0.85,0.6843236785890359,672.4723384960805,0.22,1,0,0.84,0.0
919,random,simple,A,0.8,0.70867559636992,1422.2748187488178,1.0,1,0,0.84,0.0
920,random,simple,D,0.85,0.8299402566993495,756.5422232699262,0.22,1,0,0.84,0.0
921,random,simple,B,0.95,0.8996953599999999,647.7652516099625,0.1,1,0,0.84,0.0
922,random,simple,B,0.95,1.0,650.8120836053341,0.1,1,0,0.86,0.0
923,random,simple,A,0.8,0.7249894668882739,1436.2704089121569,1.0,1,0,0.88,0.0
924,random,simple,A,0.8,0.937990730861681,1647.9747470212872,1.0,1,0,0.88,0.0
925,random,simple,D,0.85,0.7379859624974318,668.752978781507,0.22,1,0,0.88,0.0
926,random,simple,B,0.95,0.8996953599999999,656.53261533089,0.1,1,0,0.88,0.0
927,random,simple,B,0.95,1.0,660.6168578148951,0.1,0,0,0.86,0.0
928,random,simple,A,0.8,0.862508689020759,1343.91335425237,1.0,1,0,0.86,0.0
929,random,hard,E,0.9,0.30410986252922567,785.5925258150302,0.6,0,0,0.84,0.0
930,random,simple,B,0.95,0.9814719999999999,707.2402820619902,0.1,1,0,0.84,0.0
931,random,simple,D,0.85,0.642723696973031,546.8014459404795,0.22,1,0,0.84,0.0
932,random,hard,E,0.9,0.5072423562375165,924.80481962144,0.6,0,0,0.84,0.0
933,random,hard,E,0.9,0.7463732734890145,1132.0586754954707,0.6,0,0,0.82,0.0
934,random,simple,D,0.85,0.7379982032236054,597.5866413606605,0.22,1,0,0.82,0.0
935,random,simple,D,0.85,0.9494384188367728,725.0958068741295,0.22,1,0,0.82,0.0
936,random,simple,A,0.8,0.610187902516621,1092.679888248529,1.0,1,0,0.84,0.0
937,random,simple,D,0.85,1.0,757.9870811101848,0.22,1,0,0.84,0.0
938,random,simple,D,0.85,1.0,766.738373539657,0.22,1,0,0.84,0.0
939,random,simple,A,0.8,0.7158259703038068,1297.6188507756738,1.0,1,0,0.84,0.0
940,random,simple,D,0.85,1.0,755.0015802579868,0.22,0,0,0.82,0.0
941,random,simple,B,0.95,0.5405400007347919,468.5346207467532,0.1,1,0,0.82,0.0
942,random,simple,A,0.8,0.7878153556348759,1376.6371177857554,1.0,1,0,0.82,0.0
943,random,simple,A,0.8,0.9932775129586908,1579.860957033486,1.0,1,0,0.82,0.0
944,random,simple,A,0.8,1.0,2038.0667655452635,1.0,1,0,0.84,0.0
945,random,hard,E,0.9,0.46097118656778735,990.8333608092571,0.6,1,0,0.84,0.0
946,random,simple,D,0.85,0.764404086784,674.6806127649832,0.22,1,0,0.84,0.0
947,random,hard,A,0.95,0.9814719999999999,1703.238002060948,1.0,1,0,0.84,0.0
948,random,simple,D,0.85,0.8919545248055296,793.4435931353132,0.22,1,0,0.86,0.0
949,random,simple,D,0.85,1.0,848.9562596743777,0.22,1,0,0.86,0.0
950,random,simple,A,0.8,0.9688456867839998,1566.0058929737027,1.0,1,0,0.86,0.0
951,random,simple,B,0.95,0.45054091777676253,364.3677404226241,0.1,1,0,0.86,0.0
952,random,simple,B,0.95,0.696476007643551,439.20934892751524,0.1,1,0,0.86,0.0
953,random,simple,B,0.95,0.9128988867263248,584.2338080104864,0.1,1,0,0.86,0.0
954,random,simple,A,0.8,0.881012262920378,1659.0778162679835,1.0,1,0,0.86,0.0
955,random,simple,D,0.85,0.764404086784,550.0016712566944,0.22,1,0,0.88,0.0
956,random,hard,A,0.95,0.9822558964055408,1698.6715694838424,1.0,0,0,0.86,0.0
957,random,simple,A,0.8,1.0,1962.7248842154092,1.0,1,0,0.86,0.0
958,random,simple,B,0.95,0.7817658793366695,557.9951321430635,0.1,1,0,0.88,0.0
959,random,simple,A,0.8,1.0,1692.5084554798505,1.0,1,0,0.88,0.0
960,random,simple,A,0.8,1.0,1727.9201765628495,1.0,1,0,0.88,0.0
961,random,simple,D,0.85,0.654992381856881,626.9067321629727,0.22,1,0,0.88,0.0
962,random,simple,D,0.85,0.8763932960340552,593.5043962380032,0.22,1,0,0.88,0.0
963,random,simple,A,0.8,0.9814719999999999,1734.8941816259296,1.0,1,0,0.88,0.0
964,random,hard,C,0.75,0.30000225298356253,615.8019169755547,0.35,0,0,0.86,0.0
965,random,simple,B,0.95,0.6194886369595684,482.0091045438819,0.1,1,0,0.86,0.0
966,random,hard,C,0.75,0.5323217447104709,659.6773593520996,0.35,1,0,0.86,0.0
967,random,simple,A,0.8,0.8885842043699199,1520.693100372973,1.0,1,0,0.86,0.0
968,random,simple,D,0.85,0.7070006283083152,647.2788502435066,0.22,0,0,0.84,0.0
969,random,simple,B,0.95,0.6715044611573777,570.9542220759097,0.1,1,0,0.84,0.0
970,random,simple,D,0.85,0.8475012865619593,654.8203644710418,0.22,1,0,0.84,0.0
971,random,hard,E,0.9,0.31660440264479806,913.8734006306075,0.6,0,0,0.82,0.0
972,random,simple,D,0.85,0.9563049963135812,714.4654732755978,0.22,1,0,0.82,0.0
973,random,simple,A,0.8,0.7126621359611,1230.1075780947729,1.0,1,0,0.82,0.0
974,random,simple,B,0.95,0.6543743364263341,478.08456809621885,0.1,1,0,0.82,0.0
975,random,simple,D,0.85,0.9516950784478089,696.4809834078857,0.22,1,0,0.82,0.0
976,random,hard,A,0.95,0.7856592911176827,1499.1082021636125,1.0,0,0,0.8,0.0
977,random,simple,A,0.8,0.9913801761835608,1541.3320808770527,1.0,1,0,0.82,0.0
978,random,simple,A,0.8,1.0,1688.4812480377918,1.0,0,0,0.8,0.0
979,random,simple,B,0.95,0.6453342228669974,541.2660631194774,0.1,1,0,0.82,0.0
980,random,hard,A,0.95,1.0,1789.7397742779606,1.0,0,0,0.8,0.0
981,random,simple,D,0.85,0.7419710838033818,658.5947426529385,0.22,1,0,0.8,0.0
982,random,hard,C,0.75,0.3688488929347382,624.8623091890711,0.35,1,0,0.82,0.0
983,random,simple,B,0.95,0.6870039391025442,551.7401162642946,0.1,1,0,0.84,0.0
984,random,simple,B,0.95,0.9045634664102389,626.4843688087835,0.1,0,0,0.82,0.0
985,random,simple,B,0.95,1.0,714.6677692200807,0.1,1,0,0.82,0.0
986,random,simple,B,0.95,1.0,807.4543440320459,0.1,1,0,0.82,0.0
987,random,simple,D,0.85,0.6445744035938443,622.0534589435575,0.22,1,0,0.82,0.0
988,random,simple,A,0.8,0.6596345248055295,1299.6138996895274,1.0,1,0,0.82,0.0
989,random,hard,E,0.9,0.33171064301043485,754.7704015076482,0.6,1,0,0.82,0.0
990,random,simple,D,0.85,0.7392594079659043,638.2789826484195,0.22,1,0,0.84,0.0
991,random,hard,A,0.95,0.7495224588882738,1427.6458184322416,1.0,0,0,0.82,0.0
992,random,simple,B,0.95,0.764404086784,534.4835715712421,0.1,1,0,0.82,0.0
993,random,simple,B,0.95,0.9726755963699198,680.0978202393867,0.1,1,0,0.82,0.0
994,random,simple,A,0.8,0.8107785691035099,1392.1078351480444,1.0,1,0,0.82,0.0
995,random,hard,A,0.95,1.0,1616.052339541834,1.0,0,0,0.8,0.0
996,random,simple,D,0.85,0.6433150902528864,575.0355541404969,0.22,1,0,0.8,0.0
997,random,simple,D,0.85,0.86611727942254,664.8870557084018,0.22,1,0,0.8,0.0
998,random,simple,B,0.95,0.813311956896881,506.41139438468315,0.1,1,0,0.8,0.0
999,random,simple,B,0.95,1.0,629.6343963972082,0.1,1,0,0.8,0.0
